State,Latitude,Longitude,Pollutant,Average,Pollutant Standard
Alabama,30.497478000000005,-87.880258,Ozone,0.040489,Ozone 8-hour 2015
Alabama,34.762619,-87.638097,Ozone,0.038221,Ozone 8-hour 2015
Alabama,34.289001,-85.970065,Ozone,0.044582,Ozone 8-hour 2015
Alabama,32.53568,-86.255193,Ozone,0.040902,Ozone 8-hour 2015
Alabama,33.904039000000004,-86.05386700000001,Ozone,0.044016,Ozone 8-hour 2015
Alabama,31.188933000000002,-85.42309399999999,Ozone,0.037248,Ozone 8-hour 2015
Alabama,33.553056,-86.815,Ozone,0.039671,Ozone 8-hour 2015
Alabama,33.485556,-86.915,Ozone,0.044638,Ozone 8-hour 2015
Alabama,33.331111,-87.00361099999999,Ozone,0.043936,Ozone 8-hour 2015
Alabama,33.545278,-86.54916700000001,Ozone,0.043135,Ozone 8-hour 2015
Alabama,33.801667,-86.9425,Ozone,0.043668,Ozone 8-hour 2015
Alabama,33.578333,-86.773889,Ozone,0.042845999999999995,Ozone 8-hour 2015
Alabama,34.687761,-86.586362,Ozone,0.045025,Ozone 8-hour 2015
Alabama,34.772727,-86.756174,Ozone,0.044047,Ozone 8-hour 2015
Alabama,30.770181,-88.087761,Ozone,0.037174,Ozone 8-hour 2015
Alabama,30.474304999999998,-88.14102199999999,Ozone,0.036399,Ozone 8-hour 2015
Alabama,32.412811,-86.26339399999999,Ozone,0.040881,Ozone 8-hour 2015
Alabama,34.530716999999996,-86.967536,Ozone,0.043561,Ozone 8-hour 2015
Alabama,32.437028000000005,-84.99965300000001,Ozone,0.039408,Ozone 8-hour 2015
Alabama,33.317142,-86.825754,Ozone,0.043556,Ozone 8-hour 2015
Alabama,32.362606,-88.277992,Ozone,0.036282999999999996,Ozone 8-hour 2015
Alabama,33.089771999999996,-87.459733,Ozone,0.037436000000000004,Ozone 8-hour 2015
Alaska,63.7232,-148.9676,Ozone,0.033841,Ozone 8-hour 2015
Alaska,64.84569,-147.72741299999998,Ozone,0.023862,Ozone 8-hour 2015
Arizona,32.009409999999995,-109.38906000000001,Ozone,0.047832,Ozone 8-hour 2015
Arizona,35.206111,-111.652777,Ozone,0.046223,Ozone 8-hour 2015
Arizona,36.058640000000004,-112.1836,Ozone,0.048322000000000004,Ozone 8-hour 2015
Arizona,33.6547,-111.1074,Ozone,0.051175,Ozone 8-hour 2015
Arizona,34.2439,-113.5586,Ozone,0.046874,Ozone 8-hour 2015
Arizona,33.483779999999996,-112.14256,Ozone,0.044343,Ozone 8-hour 2015
Arizona,33.41018,-111.86536000000001,Ozone,0.049634,Ozone 8-hour 2015
Arizona,33.41018,-111.86536000000001,Ozone,0.049634,Ozone 8-hour 2015
Arizona,33.41018,-111.86536000000001,Ozone,0.049152,Ozone 8-hour 2015
Arizona,33.56031,-112.06618999999999,Ozone,0.047788,Ozone 8-hour 2015
Arizona,33.56031,-112.06618999999999,Ozone,0.047187,Ozone 8-hour 2015
Arizona,33.56031,-112.06618999999999,Ozone,0.047788,Ozone 8-hour 2015
Arizona,33.45244,-111.73326999999999,Ozone,0.049611,Ozone 8-hour 2015
Arizona,33.45244,-111.73326999999999,Ozone,0.049331,Ozone 8-hour 2015
Arizona,33.45244,-111.73326999999999,Ozone,0.049611,Ozone 8-hour 2015
Arizona,33.574529999999996,-112.19193,Ozone,0.043085000000000005,Ozone 8-hour 2015
Arizona,33.70639,-111.85575,Ozone,0.051861000000000004,Ozone 8-hour 2015
Arizona,33.70639,-111.85575,Ozone,0.051861000000000004,Ozone 8-hour 2015
Arizona,33.70639,-111.85575,Ozone,0.051476,Ozone 8-hour 2015
Arizona,33.45797,-112.04659,Ozone,0.046437,Ozone 8-hour 2015
Arizona,33.47968,-111.91721000000001,Ozone,0.04194,Ozone 8-hour 2015
Arizona,33.40314,-112.07526000000001,Ozone,0.046826,Ozone 8-hour 2015
Arizona,33.40314,-112.07526000000001,Ozone,0.046936,Ozone 8-hour 2015
Arizona,33.40314,-112.07526000000001,Ozone,0.046936,Ozone 8-hour 2015
Arizona,33.29896,-111.88426000000001,Ozone,0.046925,Ozone 8-hour 2015
Arizona,33.29896,-111.88426000000001,Ozone,0.046745999999999996,Ozone 8-hour 2015
Arizona,33.29896,-111.88426000000001,Ozone,0.046925,Ozone 8-hour 2015
Arizona,33.411229999999996,-111.93471000000001,Ozone,0.039958999999999995,Ozone 8-hour 2015
Arizona,33.821690000000004,-112.01726000000001,Ozone,0.050126,Ozone 8-hour 2015
Arizona,33.821690000000004,-112.01726000000001,Ozone,0.050239,Ozone 8-hour 2015
Arizona,33.821690000000004,-112.01726000000001,Ozone,0.050239,Ozone 8-hour 2015
Arizona,33.63718,-112.34185,Ozone,0.046415,Ozone 8-hour 2015
Arizona,33.36985,-112.62068000000001,Ozone,0.04175,Ozone 8-hour 2015
Arizona,33.290229,-112.160597,Ozone,0.049491,Ozone 8-hour 2015
Arizona,33.488131,-111.855443,Ozone,0.047327,Ozone 8-hour 2015
Arizona,33.507992,-111.755334,Ozone,0.04836,Ozone 8-hour 2015
Arizona,33.474609,-111.805769,Ozone,0.046182,Ozone 8-hour 2015
Arizona,33.508125,-111.83851999999999,Ozone,0.045795999999999996,Ozone 8-hour 2015
Arizona,33.9828,-111.79871000000001,Ozone,0.052386,Ozone 8-hour 2015
Arizona,33.9828,-111.79871000000001,Ozone,0.052386,Ozone 8-hour 2015
Arizona,33.9828,-111.79871000000001,Ozone,0.052095,Ozone 8-hour 2015
Arizona,33.54558,-111.60972,Ozone,0.049275,Ozone 8-hour 2015
Arizona,33.54558,-111.60972,Ozone,0.049275,Ozone 8-hour 2015
Arizona,33.54558,-111.60972,Ozone,0.049171,Ozone 8-hour 2015
Arizona,33.61092,-111.72533999999999,Ozone,0.047077999999999995,Ozone 8-hour 2015
Arizona,33.61092,-111.72533999999999,Ozone,0.047077999999999995,Ozone 8-hour 2015
Arizona,33.61092,-111.72533999999999,Ozone,0.047011000000000004,Ozone 8-hour 2015
Arizona,33.503833,-112.095767,Ozone,0.046229,Ozone 8-hour 2015
Arizona,34.82251,-109.89249,Ozone,0.047053,Ozone 8-hour 2015
Arizona,32.174538,-110.73711599999999,Ozone,0.047195,Ozone 8-hour 2015
Arizona,32.204411,-110.87806699999999,Ozone,0.045948,Ozone 8-hour 2015
Arizona,32.425261,-111.06352,Ozone,0.045018999999999997,Ozone 8-hour 2015
Arizona,32.047670000000004,-110.77435700000001,Ozone,0.046129,Ozone 8-hour 2015
Arizona,32.29515,-110.9823,Ozone,0.045194,Ozone 8-hour 2015
Arizona,31.87952,-110.99643999999999,Ozone,0.04514,Ozone 8-hour 2015
Arizona,32.172995,-110.980134,Ozone,0.04214,Ozone 8-hour 2015
Arizona,32.38082,-111.12716,Ozone,0.04355,Ozone 8-hour 2015
Arizona,33.4214,-111.5436,Ozone,0.047687,Ozone 8-hour 2015
Arizona,32.954361,-111.76225,Ozone,0.045519,Ozone 8-hour 2015
Arizona,32.508306,-111.30805600000001,Ozone,0.045762,Ozone 8-hour 2015
Arizona,33.081703999999995,-111.75294299999999,Ozone,0.049845,Ozone 8-hour 2015
Arizona,33.293465000000005,-111.28559399999999,Ozone,0.050472,Ozone 8-hour 2015
Arizona,34.612055,-112.46321299999998,Ozone,0.046755,Ozone 8-hour 2015
Arizona,32.690278,-114.61443999999999,Ozone,0.045661,Ozone 8-hour 2015
Arkansas,34.1795,-93.0988,Ozone,0.037567,Ozone 8-hour 2015
Arkansas,35.197288,-90.193141,Ozone,0.042022000000000004,Ozone 8-hour 2015
Arkansas,35.832726,-93.20826,Ozone,0.03924,Ozone 8-hour 2015
Arkansas,34.454514,-94.14352099999999,Ozone,0.0415,Ozone 8-hour 2015
Arkansas,34.756189,-92.281296,Ozone,0.035541,Ozone 8-hour 2015
Arkansas,34.835721,-92.260581,Ozone,0.040164,Ozone 8-hour 2015
Arkansas,36.1797,-94.116827,Ozone,0.039985,Ozone 8-hour 2015
Arkansas,36.011703000000004,-94.167436,Ozone,0.039985,Ozone 8-hour 2015
California,37.687526,-121.784217,Ozone,0.038917,Ozone 8-hour 2015
California,37.743065,-122.16993500000001,Ozone,0.029316000000000002,Ozone 8-hour 2015
California,37.814780999999996,-122.282347,Ozone,0.028869,Ozone 8-hour 2015
California,37.864767,-122.302741,Ozone,0.024943,Ozone 8-hour 2015
California,37.654456,-122.031547,Ozone,0.035868000000000004,Ozone 8-hour 2015
California,38.342605999999996,-120.764426,Ozone,0.041902999999999996,Ozone 8-hour 2015
California,39.708453999999996,-121.617309,Ozone,0.044587,Ozone 8-hour 2015
California,39.76168,-121.84047,Ozone,0.040308,Ozone 8-hour 2015
California,38.20185,-120.680277,Ozone,0.043594,Ozone 8-hour 2015
California,39.18919,-121.99887,Ozone,0.037036,Ozone 8-hour 2015
California,37.936013,-122.026154,Ozone,0.038396,Ozone 8-hour 2015
California,38.006311,-121.64191799999999,Ozone,0.037997,Ozone 8-hour 2015
California,37.9604,-122.35681100000001,Ozone,0.033786000000000004,Ozone 8-hour 2015
California,37.743649,-121.93418799999999,Ozone,0.038579,Ozone 8-hour 2015
California,38.725282,-120.82191599999999,Ozone,0.045792,Ozone 8-hour 2015
California,38.811609999999995,-120.033084,Ozone,0.046079,Ozone 8-hour 2015
California,38.890941,-121.003373,Ozone,0.049182,Ozone 8-hour 2015
California,36.705474,-119.741332,Ozone,0.047275,Ozone 8-hour 2015
California,36.785379999999996,-119.77321,Ozone,0.044817,Ozone 8-hour 2015
California,36.841592,-119.87473899999999,Ozone,0.044385,Ozone 8-hour 2015
California,36.985119,-119.65833899999998,Ozone,0.049878,Ozone 8-hour 2015
California,36.634225,-120.38233100000001,Ozone,0.043899,Ozone 8-hour 2015
California,36.597442,-119.50365900000001,Ozone,0.049214999999999995,Ozone 8-hour 2015
California,36.819449,-119.71643300000001,Ozone,0.047682,Ozone 8-hour 2015
California,39.53387,-122.19083400000001,Ozone,0.040744,Ozone 8-hour 2015
California,40.77678,-124.17948999999999,Ozone,0.028293000000000002,Ozone 8-hour 2015
California,32.67618,-115.48307,Ozone,0.049688,Ozone 8-hour 2015
California,32.79222,-115.56306000000001,Ozone,0.038482,Ozone 8-hour 2015
California,33.0325,-115.62361000000001,Ozone,0.037982999999999996,Ozone 8-hour 2015
California,33.213611,-115.54528,Ozone,0.024503999999999998,Ozone 8-hour 2015
California,37.360684,-118.33078300000001,Ozone,0.045067,Ozone 8-hour 2015
California,36.508611,-116.847778,Ozone,0.049069999999999996,Ozone 8-hour 2015
California,36.508611,-116.847778,Ozone,0.049069999999999996,Ozone 8-hour 2015
California,37.362137,-118.417478,Ozone,0.031620999999999996,Ozone 8-hour 2015
California,35.345607,-118.851825,Ozone,0.052062,Ozone 8-hour 2015
California,35.051454,-119.40262,Ozone,0.051753,Ozone 8-hour 2015
California,35.050551,-118.14729399999999,Ozone,0.049967000000000004,Ozone 8-hour 2015
California,35.356615000000005,-119.06261299999998,Ozone,0.048223,Ozone 8-hour 2015
California,35.438035,-119.01678700000001,Ozone,0.048336000000000004,Ozone 8-hour 2015
California,35.331612,-118.99996100000001,Ozone,0.046271,Ozone 8-hour 2015
California,35.23918,-118.78863,Ozone,0.052147000000000006,Ozone 8-hour 2015
California,35.503586999999996,-119.27260600000001,Ozone,0.049061,Ozone 8-hour 2015
California,36.233274,-119.76621200000001,Ozone,0.044668,Ozone 8-hour 2015
California,36.315670000000004,-119.643447,Ozone,0.045896,Ozone 8-hour 2015
California,39.01893,-122.91333,Ozone,0.034347,Ozone 8-hour 2015
California,34.1365,-117.92391,Ozone,0.049507999999999996,Ozone 8-hour 2015
California,34.14435,-117.85036000000001,Ozone,0.051565999999999994,Ozone 8-hour 2015
California,34.051109999999994,-118.45636,Ozone,0.043274,Ozone 8-hour 2015
California,34.066590000000005,-118.22688000000001,Ozone,0.03877,Ozone 8-hour 2015
California,34.19925,-118.53276000000001,Ozone,0.051896000000000005,Ozone 8-hour 2015
California,33.901389,-118.205,Ozone,0.039282,Ozone 8-hour 2015
California,34.010290000000005,-118.0685,Ozone,0.044847000000000005,Ozone 8-hour 2015
California,34.067029999999995,-117.7514,Ozone,0.040784,Ozone 8-hour 2015
California,34.1326,-118.1272,Ozone,0.048938999999999996,Ozone 8-hour 2015
California,33.8025,-118.22,Ozone,0.035498,Ozone 8-hour 2015
California,33.95507,-118.43048999999999,Ozone,0.042017,Ozone 8-hour 2015
California,34.38344,-118.5284,Ozone,0.05304299999999999,Ozone 8-hour 2015
California,34.669739,-118.13051100000001,Ozone,0.048544,Ozone 8-hour 2015
California,36.867125,-120.010158,Ozone,0.04481,Ozone 8-hour 2015
California,36.953256,-120.034203,Ozone,0.046,Ozone 8-hour 2015
California,37.97231,-122.520004,Ozone,0.032642000000000004,Ozone 8-hour 2015
California,37.71325,-119.7062,Ozone,0.048511,Ozone 8-hour 2015
California,37.54377,-119.83957,Ozone,0.054535,Ozone 8-hour 2015
California,39.14566,-123.20298000000001,Ozone,0.031063,Ozone 8-hour 2015
California,37.281853000000005,-120.43367099999999,Ozone,0.044598,Ozone 8-hour 2015
California,36.48187,-121.73333000000001,Ozone,0.034575,Ozone 8-hour 2015
California,36.209286,-121.12637099999999,Ozone,0.037828,Ozone 8-hour 2015
California,36.694261,-121.623271,Ozone,0.034989,Ozone 8-hour 2015
California,38.278849,-122.275024,Ozone,0.036302999999999995,Ozone 8-hour 2015
California,39.233477,-121.055608,Ozone,0.047082,Ozone 8-hour 2015
California,33.83062,-117.93845,Ozone,0.04185,Ozone 8-hour 2015
California,33.63003,-117.67593000000001,Ozone,0.048811,Ozone 8-hour 2015
California,33.925129999999996,-117.95263999999999,Ozone,0.041991,Ozone 8-hour 2015
California,38.93568,-121.09958999999999,Ozone,0.045802999999999996,Ozone 8-hour 2015
California,39.100173999999996,-120.953832,Ozone,0.044849,Ozone 8-hour 2015
California,38.74643,-121.26498000000001,Ozone,0.039363999999999996,Ozone 8-hour 2015
California,39.166017,-120.14883300000001,Ozone,0.04515,Ozone 8-hour 2015
California,38.867937,-121.338353,Ozone,0.043293,Ozone 8-hour 2015
California,33.447866999999995,-117.088649,Ozone,0.049476,Ozone 8-hour 2015
California,33.747236,-115.82012399999999,Ozone,0.047704,Ozone 8-hour 2015
California,33.92086,-116.85841,Ozone,0.055096000000000006,Ozone 8-hour 2015
California,33.583018,-117.072202,Ozone,0.050908999999999996,Ozone 8-hour 2015
California,33.71969,-116.1897,Ozone,0.051845,Ozone 8-hour 2015
California,33.9397,-115.4108,Ozone,0.048558,Ozone 8-hour 2015
California,33.590833,-116.088333,Ozone,0.038247,Ozone 8-hour 2015
California,33.944713,-116.830074,Ozone,0.054582000000000006,Ozone 8-hour 2015
California,33.708529999999996,-116.21537,Ozone,0.054477,Ozone 8-hour 2015
California,33.85275,-116.54101000000001,Ozone,0.051963,Ozone 8-hour 2015
California,33.78942,-117.22764,Ozone,0.052447,Ozone 8-hour 2015
California,33.99958,-117.41601000000001,Ozone,0.05155,Ozone 8-hour 2015
California,33.996359999999996,-117.4924,Ozone,0.051723000000000005,Ozone 8-hour 2015
California,33.67649,-117.33098000000001,Ozone,0.04966,Ozone 8-hour 2015
California,33.61235,-114.60208999999999,Ozone,0.037630000000000004,Ozone 8-hour 2015
California,38.71209,-121.38108999999999,Ozone,0.041119,Ozone 8-hour 2015
California,38.613779,-121.36801399999999,Ozone,0.040587,Ozone 8-hour 2015
California,38.56844,-121.49311000000002,Ozone,0.037709,Ozone 8-hour 2015
California,38.302591,-121.42083799999999,Ozone,0.040924,Ozone 8-hour 2015
California,38.683304,-121.16445700000001,Ozone,0.044777,Ozone 8-hour 2015
California,38.494475,-121.21113100000001,Ozone,0.040526,Ozone 8-hour 2015
California,36.843425,-121.3621,Ozone,0.037791000000000005,Ozone 8-hour 2015
California,36.48324,-121.15688,Ozone,0.042081,Ozone 8-hour 2015
California,34.89398,-117.024804,Ozone,0.048872000000000006,Ozone 8-hour 2015
California,34.2431,-117.27235,Ozone,0.058522000000000005,Ozone 8-hour 2015
California,34.4251,-117.5898,Ozone,0.053078999999999994,Ozone 8-hour 2015
California,34.510961,-117.32553999999999,Ozone,0.051006,Ozone 8-hour 2015
California,35.1019,-115.7767,Ozone,0.060326,Ozone 8-hour 2015
California,34.10374,-117.62913999999999,Ozone,0.049994,Ozone 8-hour 2015
California,35.77417,-117.3714,Ozone,0.046324000000000004,Ozone 8-hour 2015
California,34.10002,-117.49201000000001,Ozone,0.052734,Ozone 8-hour 2015
California,34.41639,-117.2858,Ozone,0.052583000000000005,Ozone 8-hour 2015
California,34.05977,-117.14731,Ozone,0.058861000000000004,Ozone 8-hour 2015
California,34.06957,-116.38893,Ozone,0.05450700000000001,Ozone 8-hour 2015
California,34.106678,-117.27406299999998,Ozone,0.056230999999999996,Ozone 8-hour 2015
California,32.631242,-117.05908799999999,Ozone,0.04147,Ozone 8-hour 2015
California,32.842318,-116.768293,Ozone,0.052101,Ozone 8-hour 2015
California,33.217055,-117.39617700000001,Ozone,0.039032,Ozone 8-hour 2015
California,32.57816,-116.92135,Ozone,0.041081,Ozone 8-hour 2015
California,32.845709,-117.12396399999999,Ozone,0.043063,Ozone 8-hour 2015
California,32.789565,-116.944308,Ozone,0.045897,Ozone 8-hour 2015
California,32.710177,-117.142665,Ozone,0.039644,Ozone 8-hour 2015
California,33.362593,-117.09023,Ozone,0.041588,Ozone 8-hour 2015
California,37.765946,-122.39904399999999,Ozone,0.031793,Ozone 8-hour 2015
California,37.950741,-121.268523,Ozone,0.03726,Ozone 8-hour 2015
California,37.682635,-121.442495,Ozone,0.042588,Ozone 8-hour 2015
California,35.614668,-120.656912,Ozone,0.039217,Ozone 8-hour 2015
California,35.25651,-120.6693,Ozone,0.035809,Ozone 8-hour 2015
California,35.36631,-120.84271000000001,Ozone,0.036174,Ozone 8-hour 2015
California,35.031459999999996,-120.50103,Ozone,0.036966000000000006,Ozone 8-hour 2015
California,35.49453,-120.66617,Ozone,0.038939,Ozone 8-hour 2015
California,35.643679999999996,-120.23135,Ozone,0.042911000000000005,Ozone 8-hour 2015
California,35.35472,-120.04019,Ozone,0.045701,Ozone 8-hour 2015
California,37.482934,-122.20336999999999,Ozone,0.032678,Ozone 8-hour 2015
California,34.46245,-120.02551000000001,Ozone,0.040897,Ozone 8-hour 2015
California,34.427775,-119.69121799999999,Ozone,0.039656,Ozone 8-hour 2015
California,34.942871999999994,-120.43561100000001,Ozone,0.032331,Ozone 8-hour 2015
California,34.725352,-120.42871699999999,Ozone,0.03923,Ozone 8-hour 2015
California,34.54166,-119.79146000000001,Ozone,0.041181999999999996,Ozone 8-hour 2015
California,34.527440000000006,-120.1965,Ozone,0.027511,Ozone 8-hour 2015
California,34.403052,-119.45791399999999,Ozone,0.043757,Ozone 8-hour 2015
California,34.489740000000005,-120.04692,Ozone,0.043389,Ozone 8-hour 2015
California,34.63782,-120.4575,Ozone,0.020109000000000002,Ozone 8-hour 2015
California,34.44551,-119.8284,Ozone,0.037226999999999996,Ozone 8-hour 2015
California,34.605819,-120.075069,Ozone,0.039233,Ozone 8-hour 2015
California,36.999571,-121.574684,Ozone,0.037558999999999995,Ozone 8-hour 2015
California,37.348496999999995,-121.894898,Ozone,0.034852999999999995,Ozone 8-hour 2015
California,37.226862,-121.979675,Ozone,0.036172,Ozone 8-hour 2015
California,37.079378999999996,-121.600031,Ozone,0.039279,Ozone 8-hour 2015
California,36.98332,-121.98822,Ozone,0.035425,Ozone 8-hour 2015
California,40.550129999999996,-122.38091999999999,Ozone,0.037048000000000005,Ozone 8-hour 2015
California,40.452913,-122.29886599999999,Ozone,0.040234,Ozone 8-hour 2015
California,40.689253,-122.402194,Ozone,0.038436,Ozone 8-hour 2015
California,40.53999,-121.57646000000001,Ozone,0.042773,Ozone 8-hour 2015
California,41.726892,-122.633579,Ozone,0.03512,Ozone 8-hour 2015
California,38.102507,-122.237976,Ozone,0.034448,Ozone 8-hour 2015
California,38.227066,-122.075624,Ozone,0.035720999999999996,Ozone 8-hour 2015
California,38.35655,-121.94986000000002,Ozone,0.039074,Ozone 8-hour 2015
California,38.403765,-122.818294,Ozone,0.032510000000000004,Ozone 8-hour 2015
California,38.654069,-122.901857,Ozone,0.035063,Ozone 8-hour 2015
California,37.642165000000006,-120.994212,Ozone,0.04216,Ozone 8-hour 2015
California,37.488316999999995,-120.836008,Ozone,0.042986,Ozone 8-hour 2015
California,39.138773,-121.618549,Ozone,0.036175,Ozone 8-hour 2015
California,39.205572,-121.82036200000002,Ozone,0.048957,Ozone 8-hour 2015
California,40.262071999999996,-122.092766,Ozone,0.04942,Ozone 8-hour 2015
California,40.17093,-122.25556,Ozone,0.041227999999999994,Ozone 8-hour 2015
California,36.566128000000006,-118.7777,Ozone,0.056614,Ozone 8-hour 2015
California,36.566128000000006,-118.7777,Ozone,0.056614,Ozone 8-hour 2015
California,36.489470000000004,-118.82915,Ozone,0.051067,Ozone 8-hour 2015
California,36.332179,-119.291228,Ozone,0.046647,Ozone 8-hour 2015
California,36.031831,-119.05501799999999,Ozone,0.047029,Ozone 8-hour 2015
California,37.98178,-120.378551,Ozone,0.046438,Ozone 8-hour 2015
California,34.210169,-118.87050900000001,Ozone,0.043897000000000005,Ozone 8-hour 2015
California,34.404281,-118.80998000000001,Ozone,0.045701,Ozone 8-hour 2015
California,34.448057,-119.23129899999999,Ozone,0.045061000000000004,Ozone 8-hour 2015
California,34.276315999999994,-118.68368500000001,Ozone,0.048504000000000005,Ozone 8-hour 2015
California,34.252390000000005,-119.14318200000001,Ozone,0.039329,Ozone 8-hour 2015
California,38.53445,-121.7734,Ozone,0.039944,Ozone 8-hour 2015
California,38.66121,-121.73268999999999,Ozone,0.042635,Ozone 8-hour 2015
Colorado,39.838119,-104.94984,Ozone,0.039807999999999996,Ozone 8-hour 2015
Colorado,39.567887,-104.95719299999999,Ozone,0.04696,Ozone 8-hour 2015
Colorado,39.638521999999995,-104.569335,Ozone,0.048931,Ozone 8-hour 2015
Colorado,37.205861999999996,-107.25411799999999,Ozone,0.045212999999999996,Ozone 8-hour 2015
Colorado,40.070015999999995,-105.220238,Ozone,0.045913,Ozone 8-hour 2015
Colorado,39.794391,-105.76398,Ozone,0.050631999999999996,Ozone 8-hour 2015
Colorado,38.8764,-107.6023,Ozone,0.04402,Ozone 8-hour 2015
Colorado,39.751184,-104.987625,Ozone,0.038922000000000005,Ozone 8-hour 2015
Colorado,39.77949,-105.00518000000001,Ozone,0.041388,Ozone 8-hour 2015
Colorado,39.534488,-105.07035800000001,Ozone,0.047497000000000004,Ozone 8-hour 2015
Colorado,38.958341,-104.817215,Ozone,0.047749,Ozone 8-hour 2015
Colorado,38.853097,-104.90128899999999,Ozone,0.047529,Ozone 8-hour 2015
Colorado,39.54182,-107.784125,Ozone,0.041652999999999996,Ozone 8-hour 2015
Colorado,39.43806,-108.02611,Ozone,0.044066,Ozone 8-hour 2015
Colorado,39.4125,-107.23056000000001,Ozone,0.046774,Ozone 8-hour 2015
Colorado,39.792519,-105.49127,Ozone,0.04855,Ozone 8-hour 2015
Colorado,38.9564,-106.9858,Ozone,0.049849,Ozone 8-hour 2015
Colorado,39.638781,-105.13948,Ozone,0.045597000000000006,Ozone 8-hour 2015
Colorado,39.912799,-105.18858700000001,Ozone,0.048743,Ozone 8-hour 2015
Colorado,39.743724,-105.177989,Ozone,0.048694,Ozone 8-hour 2015
Colorado,39.541515000000004,-105.29841,Ozone,0.047817,Ozone 8-hour 2015
Colorado,37.30389,-107.484167,Ozone,0.045373000000000004,Ozone 8-hour 2015
Colorado,37.13678,-107.62863,Ozone,0.05567999999999999,Ozone 8-hour 2015
Colorado,37.102579999999996,-107.87021899999999,Ozone,0.047753,Ozone 8-hour 2015
Colorado,40.27813,-105.54563999999999,Ozone,0.049547,Ozone 8-hour 2015
Colorado,40.27813,-105.54563999999999,Ozone,0.049379,Ozone 8-hour 2015
Colorado,40.592543,-105.141122,Ozone,0.046671,Ozone 8-hour 2015
Colorado,40.57747,-105.07892,Ozone,0.039671,Ozone 8-hour 2015
Colorado,39.130575,-108.31383500000001,Ozone,0.046104,Ozone 8-hour 2015
Colorado,37.350054,-108.59233400000001,Ozone,0.045860000000000005,Ozone 8-hour 2015
Colorado,37.1984,-108.49046000000001,Ozone,0.049526,Ozone 8-hour 2015
Colorado,40.038889000000005,-107.8475,Ozone,0.046025,Ozone 8-hour 2015
Colorado,40.086944,-108.761389,Ozone,0.045206,Ozone 8-hour 2015
Colorado,40.386368,-104.73744,Ozone,0.040251999999999996,Ozone 8-hour 2015
Connecticut,41.004657,-73.585128,Ozone,0.046524,Ozone 8-hour 2015
Connecticut,41.399167,-73.443056,Ozone,0.045466,Ozone 8-hour 2015
Connecticut,41.1525,-73.10305600000001,Ozone,0.047632,Ozone 8-hour 2015
Connecticut,41.118333,-73.336667,Ozone,0.04622,Ozone 8-hour 2015
Connecticut,41.784721999999995,-72.63166700000001,Ozone,0.043462,Ozone 8-hour 2015
Connecticut,41.821342,-73.297257,Ozone,0.040272,Ozone 8-hour 2015
Connecticut,41.55,-72.626,Ozone,0.044719,Ozone 8-hour 2015
Connecticut,41.3014,-72.90287099999999,Ozone,0.038413,Ozone 8-hour 2015
Connecticut,41.256788,-72.55327,Ozone,0.046873000000000005,Ozone 8-hour 2015
Connecticut,41.35362,-72.07882,Ozone,0.04482,Ozone 8-hour 2015
Connecticut,41.976389000000005,-72.388056,Ozone,0.044005,Ozone 8-hour 2015
Connecticut,41.84046,-72.010368,Ozone,0.042395,Ozone 8-hour 2015
Delaware,38.986672,-75.5568,Ozone,0.045541000000000005,Ozone 8-hour 2015
Delaware,39.5513,-75.732,Ozone,0.043970999999999996,Ozone 8-hour 2015
Delaware,39.817221999999994,-75.563889,Ozone,0.044652,Ozone 8-hour 2015
Delaware,39.773889000000004,-75.49638900000001,Ozone,0.044785000000000005,Ozone 8-hour 2015
Delaware,39.739444,-75.55805600000001,Ozone,0.03848,Ozone 8-hour 2015
Delaware,38.6539,-75.6106,Ozone,0.045162,Ozone 8-hour 2015
Delaware,38.7791,-75.16323,Ozone,0.041939,Ozone 8-hour 2015
District Of Columbia,38.895571999999994,-76.958072,Ozone,0.039082,Ozone 8-hour 2015
District Of Columbia,38.921847,-77.013178,Ozone,0.041739,Ozone 8-hour 2015
District Of Columbia,38.970092,-77.016715,Ozone,0.046775,Ozone 8-hour 2015
Florida,29.566112,-82.26608,Ozone,0.036884,Ozone 8-hour 2015
Florida,30.201110999999997,-82.44111099999999,Ozone,0.036766,Ozone 8-hour 2015
Florida,30.130433,-85.73151700000001,Ozone,0.0386,Ozone 8-hour 2015
Florida,28.053611,-80.62861099999999,Ozone,0.032443,Ozone 8-hour 2015
Florida,28.310840999999996,-80.61533,Ozone,0.038424,Ozone 8-hour 2015
Florida,26.073535999999997,-80.33845,Ozone,0.034102,Ozone 8-hour 2015
Florida,26.053889,-80.25694399999999,Ozone,0.033976,Ozone 8-hour 2015
Florida,26.292025,-80.09647,Ozone,0.034137,Ozone 8-hour 2015
Florida,26.088421,-80.111193,Ozone,0.033673,Ozone 8-hour 2015
Florida,26.270083000000003,-81.710959,Ozone,0.036989,Ozone 8-hour 2015
Florida,30.178055999999998,-82.619167,Ozone,0.03796,Ozone 8-hour 2015
Florida,30.477725,-81.587339,Ozone,0.038277,Ozone 8-hour 2015
Florida,30.260278000000003,-81.453611,Ozone,0.037908,Ozone 8-hour 2015
Florida,30.378217,-81.8409,Ozone,0.037935,Ozone 8-hour 2015
Florida,30.525367,-87.20355,Ozone,0.038407,Ozone 8-hour 2015
Florida,30.36805,-87.270967,Ozone,0.040282,Ozone 8-hour 2015
Florida,29.489083,-81.276833,Ozone,0.036596,Ozone 8-hour 2015
Florida,27.189215,-81.34035,Ozone,0.038393000000000004,Ozone 8-hour 2015
Florida,27.740033,-82.46514599999999,Ozone,0.038038,Ozone 8-hour 2015
Florida,27.928356,-82.454539,Ozone,0.035154000000000005,Ozone 8-hour 2015
Florida,27.892522999999997,-82.53842900000001,Ozone,0.04034,Ozone 8-hour 2015
Florida,27.96565,-82.2304,Ozone,0.038607,Ozone 8-hour 2015
Florida,30.848611,-85.603889,Ozone,0.038717,Ozone 8-hour 2015
Florida,27.8492,-80.4554,Ozone,0.038822,Ozone 8-hour 2015
Florida,28.523889,-81.723333,Ozone,0.039517000000000004,Ozone 8-hour 2015
Florida,26.548212,-81.981523,Ozone,0.036585,Ozone 8-hour 2015
Florida,26.449246999999996,-81.939256,Ozone,0.039618,Ozone 8-hour 2015
Florida,30.439721999999996,-84.346389,Ozone,0.036373,Ozone 8-hour 2015
Florida,30.1103,-84.9903,Ozone,0.036155,Ozone 8-hour 2015
Florida,27.633089000000002,-82.54593,Ozone,0.036799,Ozone 8-hour 2015
Florida,27.480873,-82.618709,Ozone,0.038518000000000004,Ozone 8-hour 2015
Florida,27.449763,-82.522041,Ozone,0.035669,Ozone 8-hour 2015
Florida,29.170533000000002,-82.100646,Ozone,0.037795999999999996,Ozone 8-hour 2015
Florida,29.192753999999997,-82.173149,Ozone,0.035992,Ozone 8-hour 2015
Florida,27.172458000000002,-80.240689,Ozone,0.036261,Ozone 8-hour 2015
Florida,25.732878,-80.16175,Ozone,0.03313,Ozone 8-hour 2015
Florida,25.587327,-80.32592199999999,Ozone,0.033688,Ozone 8-hour 2015
Florida,30.426533000000003,-86.666217,Ozone,0.038011,Ozone 8-hour 2015
Florida,28.45445,-81.38118100000001,Ozone,0.034608,Ozone 8-hour 2015
Florida,28.596389000000002,-81.3625,Ozone,0.038042,Ozone 8-hour 2015
Florida,28.347509000000002,-81.636464,Ozone,0.038247,Ozone 8-hour 2015
Florida,26.593808000000003,-80.058492,Ozone,0.033727,Ozone 8-hour 2015
Florida,26.687606,-80.219619,Ozone,0.036363,Ozone 8-hour 2015
Florida,28.332225,-82.305643,Ozone,0.037058,Ozone 8-hour 2015
Florida,28.195574,-82.756264,Ozone,0.038234,Ozone 8-hour 2015
Florida,27.946688,-82.731767,Ozone,0.038647,Ozone 8-hour 2015
Florida,27.785866,-82.739875,Ozone,0.03653,Ozone 8-hour 2015
Florida,28.090298999999998,-82.700707,Ozone,0.036626,Ozone 8-hour 2015
Florida,27.939746000000003,-82.000084,Ozone,0.036555000000000004,Ozone 8-hour 2015
Florida,28.028889000000003,-81.972222,Ozone,0.037258,Ozone 8-hour 2015
Florida,27.389079,-80.311033,Ozone,0.036078,Ozone 8-hour 2015
Florida,30.394133,-87.008033,Ozone,0.039161,Ozone 8-hour 2015
Florida,27.307268,-82.570376,Ozone,0.035556,Ozone 8-hour 2015
Florida,27.350278000000003,-82.479722,Ozone,0.036117,Ozone 8-hour 2015
Florida,27.089194,-82.362583,Ozone,0.035126,Ozone 8-hour 2015
Florida,28.746111,-81.310556,Ozone,0.038523,Ozone 8-hour 2015
Florida,29.206667,-81.0525,Ozone,0.037466,Ozone 8-hour 2015
Florida,30.0925,-84.161111,Ozone,0.036769,Ozone 8-hour 2015
Georgia,32.805264,-83.54349300000001,Ozone,0.042709,Ozone 8-hour 2015
Georgia,32.06848,-81.04942,Ozone,0.039746,Ozone 8-hour 2015
Georgia,34.474526000000004,-85.408847,Ozone,0.040984,Ozone 8-hour 2015
Georgia,33.918137,-83.344385,Ozone,0.043566,Ozone 8-hour 2015
Georgia,34.015436,-84.607423,Ozone,0.043071,Ozone 8-hour 2015
Georgia,33.582044,-82.131249,Ozone,0.040844,Ozone 8-hour 2015
Georgia,34.376227,-84.059506,Ozone,0.039971,Ozone 8-hour 2015
Georgia,33.6878,-84.2905,Ozone,0.038981,Ozone 8-hour 2015
Georgia,33.741242,-84.77642900000001,Ozone,0.042045,Ozone 8-hour 2015
Georgia,33.720742,-84.357316,Ozone,0.048131,Ozone 8-hour 2015
Georgia,31.169805,-81.495035,Ozone,0.038905,Ozone 8-hour 2015
Georgia,33.9632,-84.0691,Ozone,0.045391,Ozone 8-hour 2015
Georgia,33.433949,-84.161811,Ozone,0.042828,Ozone 8-hour 2015
Georgia,34.785219,-84.626423,Ozone,0.044088,Ozone 8-hour 2015
Georgia,32.521271999999996,-84.94463499999999,Ozone,0.041861,Ozone 8-hour 2015
Georgia,33.1787,-84.4052,Ozone,0.044502,Ozone 8-hour 2015
Georgia,33.4339,-82.0224,Ozone,0.045054000000000004,Ozone 8-hour 2015
Georgia,33.588545,-84.069608,Ozone,0.045404,Ozone 8-hour 2015
Georgia,31.954286,-84.08100999999999,Ozone,0.041602999999999994,Ozone 8-hour 2015
Hawaii,21.323745000000002,-158.08861299999998,Ozone,0.028854,Ozone 8-hour 2015
Hawaii,21.303382,-157.871171,Ozone,0.027407,Ozone 8-hour 2015
Idaho,43.600699,-116.347853,Ozone,0.036052999999999995,Ozone 8-hour 2015
Idaho,43.577603,-116.178156,Ozone,0.027357,Ozone 8-hour 2015
Idaho,43.460556,-113.56222199999999,Ozone,0.045691,Ozone 8-hour 2015
Idaho,46.2756,-116.0216,Ozone,0.039713,Ozone 8-hour 2015
Illinois,39.915409000000004,-91.335868,Ozone,0.044138,Ozone 8-hour 2015
Illinois,40.244913000000004,-88.188519,Ozone,0.044377,Ozone 8-hour 2015
Illinois,40.05278,-88.37250999999999,Ozone,0.036436,Ozone 8-hour 2015
Illinois,39.210857,-87.668297,Ozone,0.042019,Ozone 8-hour 2015
Illinois,41.670992,-87.732457,Ozone,0.041457,Ozone 8-hour 2015
Illinois,41.755832,-87.54535,Ozone,0.042246,Ozone 8-hour 2015
Illinois,41.7514,-87.713488,Ozone,0.040863,Ozone 8-hour 2015
Illinois,41.984332,-87.792002,Ozone,0.041588,Ozone 8-hour 2015
Illinois,41.66812,-87.99056999999999,Ozone,0.040788,Ozone 8-hour 2015
Illinois,41.965193,-87.876265,Ozone,0.038581,Ozone 8-hour 2015
Illinois,41.855243,-87.75247,Ozone,0.039458999999999994,Ozone 8-hour 2015
Illinois,42.060285,-87.863225,Ozone,0.040841,Ozone 8-hour 2015
Illinois,42.139996000000004,-87.799227,Ozone,0.037591,Ozone 8-hour 2015
Illinois,42.062053000000006,-87.67525400000001,Ozone,0.04344,Ozone 8-hour 2015
Illinois,41.813049,-88.072827,Ozone,0.04086,Ozone 8-hour 2015
Illinois,39.067159000000004,-88.548934,Ozone,0.042861,Ozone 8-hour 2015
Illinois,38.082155,-88.624943,Ozone,0.045566,Ozone 8-hour 2015
Illinois,39.101439,-90.344494,Ozone,0.044369,Ozone 8-hour 2015
Illinois,42.2869,-89.9997,Ozone,0.040234,Ozone 8-hour 2015
Illinois,42.049147999999995,-88.27302900000001,Ozone,0.042295,Ozone 8-hour 2015
Illinois,42.467573,-87.810047,Ozone,0.042234,Ozone 8-hour 2015
Illinois,42.221441999999996,-88.242207,Ozone,0.044159,Ozone 8-hour 2015
Illinois,40.518735,-88.99689599999999,Ozone,0.043761,Ozone 8-hour 2015
Illinois,39.866834000000004,-88.92559399999999,Ozone,0.042816,Ozone 8-hour 2015
Illinois,39.396075,-89.80973900000001,Ozone,0.042115,Ozone 8-hour 2015
Illinois,38.890186,-90.148031,Ozone,0.043864,Ozone 8-hour 2015
Illinois,38.726572999999995,-89.959963,Ozone,0.044896,Ozone 8-hour 2015
Illinois,38.860669,-90.105851,Ozone,0.046485000000000005,Ozone 8-hour 2015
Illinois,38.869001000000004,-89.622816,Ozone,0.042748,Ozone 8-hour 2015
Illinois,40.68742,-89.606943,Ozone,0.041473,Ozone 8-hour 2015
Illinois,40.745504,-89.58586899999999,Ozone,0.042779000000000005,Ozone 8-hour 2015
Illinois,38.176278,-89.788459,Ozone,0.04365,Ozone 8-hour 2015
Illinois,41.514727,-90.51735,Ozone,0.042898,Ozone 8-hour 2015
Illinois,38.612034,-90.160477,Ozone,0.043642,Ozone 8-hour 2015
Illinois,39.831522,-89.64092600000001,Ozone,0.042081,Ozone 8-hour 2015
Illinois,41.221537,-88.190967,Ozone,0.040543,Ozone 8-hour 2015
Illinois,42.334982000000004,-89.037775,Ozone,0.040632,Ozone 8-hour 2015
Indiana,41.221418,-85.016821,Ozone,0.043509,Ozone 8-hour 2015
Indiana,41.094965,-85.101816,Ozone,0.04185,Ozone 8-hour 2015
Indiana,39.294321999999994,-85.766816,Ozone,0.045275,Ozone 8-hour 2015
Indiana,39.997732,-86.395394,Ozone,0.043674,Ozone 8-hour 2015
Indiana,39.263914,-86.29226899999999,Ozone,0.042273000000000005,Ozone 8-hour 2015
Indiana,40.540455,-86.553035,Ozone,0.042657,Ozone 8-hour 2015
Indiana,38.393822,-85.664118,Ozone,0.043963,Ozone 8-hour 2015
Indiana,40.300385,-85.245862,Ozone,0.039862,Ozone 8-hour 2015
Indiana,41.716959,-85.824696,Ozone,0.038653,Ozone 8-hour 2015
Indiana,38.30703,-85.832974,Ozone,0.042325,Ozone 8-hour 2015
Indiana,38.985477,-86.99041899999999,Ozone,0.043633,Ozone 8-hour 2015
Indiana,40.068296999999994,-85.992451,Ozone,0.043592,Ozone 8-hour 2015
Indiana,39.758707,-86.3985,Ozone,0.04081,Ozone 8-hour 2015
Indiana,40.481347,-86.109688,Ozone,0.043289,Ozone 8-hour 2015
Indiana,40.959604,-85.37961,Ozone,0.038008,Ozone 8-hour 2015
Indiana,38.920835,-86.080523,Ozone,0.042125,Ozone 8-hour 2015
Indiana,38.7408,-87.4853,Ozone,0.043758,Ozone 8-hour 2015
Indiana,41.606667,-87.304722,Ozone,0.040987,Ozone 8-hour 2015
Indiana,41.639444,-87.493611,Ozone,0.038311000000000005,Ozone 8-hour 2015
Indiana,41.717762,-86.907786,Ozone,0.042946,Ozone 8-hour 2015
Indiana,41.629166999999995,-86.684444,Ozone,0.039699,Ozone 8-hour 2015
Indiana,40.002511,-85.656391,Ozone,0.043663,Ozone 8-hour 2015
Indiana,39.858889000000005,-86.021389,Ozone,0.043538,Ozone 8-hour 2015
Indiana,39.749027000000005,-86.186269,Ozone,0.041272,Ozone 8-hour 2015
Indiana,39.810833,-86.11444399999999,Ozone,0.037417,Ozone 8-hour 2015
Indiana,39.787933,-86.13088,Ozone,0.036937,Ozone 8-hour 2015
Indiana,39.575634,-86.47789300000001,Ozone,0.042230000000000004,Ozone 8-hour 2015
Indiana,38.115152,-86.60325,Ozone,0.045314,Ozone 8-hour 2015
Indiana,41.6175,-87.199167,Ozone,0.040318,Ozone 8-hour 2015
Indiana,41.512118,-87.036236,Ozone,0.041547,Ozone 8-hour 2015
Indiana,38.006409999999995,-87.718354,Ozone,0.043082,Ozone 8-hour 2015
Indiana,41.551667,-86.37055600000001,Ozone,0.040641000000000004,Ozone 8-hour 2015
Indiana,41.696659999999994,-86.214722,Ozone,0.042283999999999995,Ozone 8-hour 2015
Indiana,41.754721999999994,-86.11,Ozone,0.040917,Ozone 8-hour 2015
Indiana,39.613367,-85.87066899999999,Ozone,0.043396,Ozone 8-hour 2015
Indiana,38.113889,-87.53666700000001,Ozone,0.041615,Ozone 8-hour 2015
Indiana,38.013333,-87.57722199999999,Ozone,0.04256,Ozone 8-hour 2015
Indiana,39.485987,-87.401312,Ozone,0.043749,Ozone 8-hour 2015
Indiana,39.558525,-87.312883,Ozone,0.042551,Ozone 8-hour 2015
Indiana,40.816038,-85.661408,Ozone,0.043726,Ozone 8-hour 2015
Indiana,38.051667,-87.278056,Ozone,0.043787,Ozone 8-hour 2015
Indiana,37.954444,-87.321667,Ozone,0.042197000000000005,Ozone 8-hour 2015
Iowa,42.743036,-92.51324100000001,Ozone,0.038822,Ozone 8-hour 2015
Iowa,42.743036,-92.51324100000001,Ozone,0.039223,Ozone 8-hour 2015
Iowa,41.874999,-90.17757399999999,Ozone,0.039282,Ozone 8-hour 2015
Iowa,41.874999,-90.17757399999999,Ozone,0.039108,Ozone 8-hour 2015
Iowa,41.832256,-95.928185,Ozone,0.041167,Ozone 8-hour 2015
Iowa,41.832256,-95.928185,Ozone,0.040866,Ozone 8-hour 2015
Iowa,42.281013,-91.52687900000001,Ozone,0.038254,Ozone 8-hour 2015
Iowa,42.281013,-91.52687900000001,Ozone,0.038844,Ozone 8-hour 2015
Iowa,41.97677,-91.68766,Ozone,0.036650999999999996,Ozone 8-hour 2015
Iowa,41.97677,-91.68766,Ozone,0.03734,Ozone 8-hour 2015
Iowa,40.969112,-95.044951,Ozone,0.039626999999999996,Ozone 8-hour 2015
Iowa,40.969112,-95.044951,Ozone,0.039139,Ozone 8-hour 2015
Iowa,43.123704,-94.69351800000001,Ozone,0.040629000000000005,Ozone 8-hour 2015
Iowa,43.123704,-94.69351800000001,Ozone,0.040451999999999995,Ozone 8-hour 2015
Iowa,41.603159000000005,-93.643118,Ozone,0.037881,Ozone 8-hour 2015
Iowa,41.603159000000005,-93.643118,Ozone,0.038097000000000006,Ozone 8-hour 2015
Iowa,41.849433000000005,-93.69761700000001,Ozone,0.039810000000000005,Ozone 8-hour 2015
Iowa,41.849433000000005,-93.69761700000001,Ozone,0.040295,Ozone 8-hour 2015
Iowa,41.699174,-90.52194399999999,Ozone,0.04005,Ozone 8-hour 2015
Iowa,41.699174,-90.52194399999999,Ozone,0.040354,Ozone 8-hour 2015
Iowa,41.530011,-90.587611,Ozone,0.035571,Ozone 8-hour 2015
Iowa,41.530011,-90.587611,Ozone,0.035677,Ozone 8-hour 2015
Iowa,40.695078,-92.00631800000001,Ozone,0.04035,Ozone 8-hour 2015
Iowa,40.695078,-92.00631800000001,Ozone,0.040121,Ozone 8-hour 2015
Kansas,38.838575,-94.746424,Ozone,0.03907,Ozone 8-hour 2015
Kansas,39.327391,-94.95102,Ozone,0.039844,Ozone 8-hour 2015
Kansas,37.67696,-95.47594000000001,Ozone,0.040728,Ozone 8-hour 2015
Kansas,37.702065999999995,-97.314847,Ozone,0.042556000000000004,Ozone 8-hour 2015
Kansas,37.897506,-97.492083,Ozone,0.042731,Ozone 8-hour 2015
Kansas,39.024265,-95.711275,Ozone,0.040527,Ozone 8-hour 2015
Kansas,37.476890000000004,-97.366399,Ozone,0.04295,Ozone 8-hour 2015
Kansas,38.770081,-99.763424,Ozone,0.041991,Ozone 8-hour 2015
Kansas,39.117219,-94.635605,Ozone,0.036338999999999996,Ozone 8-hour 2015
Kentucky,36.60843,-83.73694,Ozone,0.041384,Ozone 8-hour 2015
Kentucky,38.91833,-84.852637,Ozone,0.042262,Ozone 8-hour 2015
Kentucky,38.459340000000005,-82.64041,Ozone,0.042082999999999995,Ozone 8-hour 2015
Kentucky,37.986290000000004,-85.71191999999999,Ozone,0.044029,Ozone 8-hour 2015
Kentucky,39.021881,-84.47445,Ozone,0.042565,Ozone 8-hour 2015
Kentucky,38.23887,-82.9881,Ozone,0.039488,Ozone 8-hour 2015
Kentucky,36.91171,-87.323337,Ozone,0.040868,Ozone 8-hour 2015
Kentucky,37.780776,-87.075307,Ozone,0.044793,Ozone 8-hour 2015
Kentucky,37.13179,-86.142953,Ozone,0.045004,Ozone 8-hour 2015
Kentucky,38.06503,-84.49761,Ozone,0.043816,Ozone 8-hour 2015
Kentucky,38.548136,-82.731163,Ozone,0.039145,Ozone 8-hour 2015
Kentucky,37.93829,-86.89719000000001,Ozone,0.044607,Ozone 8-hour 2015
Kentucky,37.705612,-85.85262900000001,Ozone,0.043611000000000004,Ozone 8-hour 2015
Kentucky,38.06091,-85.89804000000001,Ozone,0.043037,Ozone 8-hour 2015
Kentucky,38.22876,-85.65451999999999,Ozone,0.040087,Ozone 8-hour 2015
Kentucky,38.1825,-85.5744,Ozone,0.045558999999999995,Ozone 8-hour 2015
Kentucky,37.89147,-84.58825,Ozone,0.044037,Ozone 8-hour 2015
Kentucky,37.155392,-88.394024,Ozone,0.043654000000000005,Ozone 8-hour 2015
Kentucky,37.05822,-88.57251,Ozone,0.044008,Ozone 8-hour 2015
Kentucky,37.9214,-83.0662,Ozone,0.041925,Ozone 8-hour 2015
Kentucky,38.4002,-85.44428,Ozone,0.044763,Ozone 8-hour 2015
Kentucky,37.28329,-83.20931999999999,Ozone,0.041469,Ozone 8-hour 2015
Kentucky,37.4826,-82.53532,Ozone,0.039523,Ozone 8-hour 2015
Kentucky,37.09798,-84.61152,Ozone,0.041574,Ozone 8-hour 2015
Kentucky,36.708607,-86.566284,Ozone,0.042255,Ozone 8-hour 2015
Kentucky,36.7841,-87.8499,Ozone,0.043509,Ozone 8-hour 2015
Kentucky,37.04926,-86.21486999999999,Ozone,0.042067,Ozone 8-hour 2015
Kentucky,37.7046,-85.0485,Ozone,0.044817,Ozone 8-hour 2015
Kentucky,37.7046,-85.0485,Ozone,0.045207,Ozone 8-hour 2015
Louisiana,30.229653000000003,-90.96562800000001,Ozone,0.036941,Ozone 8-hour 2015
Louisiana,32.536273,-93.74894,Ozone,0.035828,Ozone 8-hour 2015
Louisiana,32.68336,-93.861582,Ozone,0.039979,Ozone 8-hour 2015
Louisiana,30.140265000000003,-93.368448,Ozone,0.036417000000000005,Ozone 8-hour 2015
Louisiana,30.227797999999996,-93.579965,Ozone,0.036736000000000005,Ozone 8-hour 2015
Louisiana,30.419805,-91.182016,Ozone,0.034589,Ozone 8-hour 2015
Louisiana,30.461981,-91.17921899999999,Ozone,0.036257,Ozone 8-hour 2015
Louisiana,30.700895000000003,-91.05606800000001,Ozone,0.036716000000000006,Ozone 8-hour 2015
Louisiana,30.221255,-91.31541800000001,Ozone,0.037188,Ozone 8-hour 2015
Louisiana,30.204218,-91.126041,Ozone,0.038038999999999996,Ozone 8-hour 2015
Louisiana,30.041238,-90.272826,Ozone,0.039435000000000005,Ozone 8-hour 2015
Louisiana,30.22611,-92.042908,Ozone,0.038038999999999996,Ozone 8-hour 2015
Louisiana,29.764097999999997,-90.765275,Ozone,0.036557,Ozone 8-hour 2015
Louisiana,30.315406,-90.81138299999999,Ozone,0.038331,Ozone 8-hour 2015
Louisiana,32.509959,-92.046196,Ozone,0.038669,Ozone 8-hour 2015
Louisiana,30.681718,-91.366247,Ozone,0.036706,Ozone 8-hour 2015
Louisiana,29.939614000000002,-89.92388299999999,Ozone,0.038512,Ozone 8-hour 2015
Louisiana,29.994970000000002,-90.817415,Ozone,0.031672000000000006,Ozone 8-hour 2015
Louisiana,30.057515000000002,-90.619286,Ozone,0.03623,Ozone 8-hour 2015
Louisiana,30.088872,-91.86959499999999,Ozone,0.037136,Ozone 8-hour 2015
Louisiana,30.429381,-90.199678,Ozone,0.03712,Ozone 8-hour 2015
Louisiana,30.500642,-91.21355600000001,Ozone,0.034989,Ozone 8-hour 2015
Maine,43.974622,-70.124608,Ozone,0.035283999999999996,Ozone 8-hour 2015
Maine,46.696431,-68.033006,Ozone,0.030483,Ozone 8-hour 2015
Maine,46.6041,-68.4135,Ozone,0.031592,Ozone 8-hour 2015
Maine,43.660246,-70.26896500000001,Ozone,0.034983999999999994,Ozone 8-hour 2015
Maine,43.561043,-70.207324,Ozone,0.038142,Ozone 8-hour 2015
Maine,44.351696999999994,-68.22698000000001,Ozone,0.039669,Ozone 8-hour 2015
Maine,44.37705,-68.2609,Ozone,0.037716,Ozone 8-hour 2015
Maine,44.230622,-69.785,Ozone,0.036866,Ozone 8-hour 2015
Maine,43.917955,-69.26059000000001,Ozone,0.037624,Ozone 8-hour 2015
Maine,44.377794,-70.854697,Ozone,0.035492,Ozone 8-hour 2015
Maine,44.735978,-68.67075200000001,Ozone,0.036874000000000004,Ozone 8-hour 2015
Maine,44.531907000000004,-67.59586999999999,Ozone,0.035842,Ozone 8-hour 2015
Maine,44.963633,-67.060728,Ozone,0.034423,Ozone 8-hour 2015
Maine,43.656764,-70.629138,Ozone,0.035153,Ozone 8-hour 2015
Maine,43.58889,-70.87734,Ozone,0.037122,Ozone 8-hour 2015
Maine,43.343167,-70.471034,Ozone,0.038486,Ozone 8-hour 2015
Maryland,39.169533,-76.627933,Ozone,0.050029000000000004,Ozone 8-hour 2015
Maryland,39.460478,-76.633543,Ozone,0.046178,Ozone 8-hour 2015
Maryland,39.310833,-76.47444399999999,Ozone,0.047804,Ozone 8-hour 2015
Maryland,38.536722,-76.617194,Ozone,0.041991,Ozone 8-hour 2015
Maryland,39.444294,-77.042252,Ozone,0.045638,Ozone 8-hour 2015
Maryland,39.701444,-75.860051,Ozone,0.045175,Ozone 8-hour 2015
Maryland,38.508547,-76.811864,Ozone,0.042232,Ozone 8-hour 2015
Maryland,38.587525,-76.141006,Ozone,0.046918,Ozone 8-hour 2015
Maryland,38.444971,-76.111274,Ozone,0.045948,Ozone 8-hour 2015
Maryland,39.42276,-77.37519,Ozone,0.046360000000000005,Ozone 8-hour 2015
Maryland,39.70595,-79.012,Ozone,0.040863,Ozone 8-hour 2015
Maryland,39.410191,-76.29694599999999,Ozone,0.047612,Ozone 8-hour 2015
Maryland,39.563333,-76.203889,Ozone,0.047567,Ozone 8-hour 2015
Maryland,39.305021,-75.797317,Ozone,0.046183,Ozone 8-hour 2015
Maryland,39.114313,-77.106876,Ozone,0.044131000000000004,Ozone 8-hour 2015
Maryland,39.055277000000004,-76.878333,Ozone,0.041425,Ozone 8-hour 2015
Maryland,38.81194,-76.74417,Ozone,0.044095,Ozone 8-hour 2015
Maryland,39.0284,-76.8171,Ozone,0.047667,Ozone 8-hour 2015
Maryland,39.564178000000005,-77.720244,Ozone,0.043314,Ozone 8-hour 2015
Maryland,39.328807,-76.553075,Ozone,0.045607999999999996,Ozone 8-hour 2015
Massachusetts,41.975804,-70.02359799999999,Ozone,0.041292,Ozone 8-hour 2015
Massachusetts,42.452299,-73.239648,Ozone,0.040318,Ozone 8-hour 2015
Massachusetts,41.685707,-71.169235,Ozone,0.042339999999999996,Ozone 8-hour 2015
Massachusetts,41.645381,-70.897504,Ozone,0.04319,Ozone 8-hour 2015
Massachusetts,41.330469,-70.785225,Ozone,0.044742000000000004,Ozone 8-hour 2015
Massachusetts,42.474641999999996,-70.970816,Ozone,0.041957,Ozone 8-hour 2015
Massachusetts,42.770837,-71.10229,Ozone,0.038301999999999996,Ozone 8-hour 2015
Massachusetts,42.605816,-72.596689,Ozone,0.03934,Ozone 8-hour 2015
Massachusetts,42.194379999999995,-72.555112,Ozone,0.041770999999999996,Ozone 8-hour 2015
Massachusetts,42.298493,-72.334079,Ozone,0.041333,Ozone 8-hour 2015
Massachusetts,42.62668,-71.36206800000001,Ozone,0.040563,Ozone 8-hour 2015
Massachusetts,42.612085,-71.306986,Ozone,0.035522000000000005,Ozone 8-hour 2015
Massachusetts,42.211774,-71.11397,Ozone,0.040874,Ozone 8-hour 2015
Massachusetts,42.065106,-71.012129,Ozone,0.041864,Ozone 8-hour 2015
Massachusetts,42.3295,-71.0826,Ozone,0.033721,Ozone 8-hour 2015
Massachusetts,42.274319,-71.875511,Ozone,0.038933999999999996,Ozone 8-hour 2015
Massachusetts,42.099699,-71.619399,Ozone,0.041221,Ozone 8-hour 2015
Michigan,42.767786,-86.148577,Ozone,0.041632999999999996,Ozone 8-hour 2015
Michigan,44.616943,-86.109408,Ozone,0.037424,Ozone 8-hour 2015
Michigan,42.197790000000005,-86.309694,Ozone,0.041596,Ozone 8-hour 2015
Michigan,41.89557,-86.00162900000001,Ozone,0.042361,Ozone 8-hour 2015
Michigan,42.798339,-84.393795,Ozone,0.037860000000000005,Ozone 8-hour 2015
Michigan,43.047224,-83.670159,Ozone,0.038682999999999995,Ozone 8-hour 2015
Michigan,43.168336,-83.461541,Ozone,0.039901,Ozone 8-hour 2015
Michigan,43.836388,-82.6429,Ozone,0.037845,Ozone 8-hour 2015
Michigan,42.761387,-84.562779,Ozone,0.037261,Ozone 8-hour 2015
Michigan,42.278067,-85.54189000000001,Ozone,0.04066,Ozone 8-hour 2015
Michigan,42.984173,-85.671339,Ozone,0.03508,Ozone 8-hour 2015
Michigan,43.176671999999996,-85.416608,Ozone,0.038889,Ozone 8-hour 2015
Michigan,41.995568,-83.946559,Ozone,0.041096,Ozone 8-hour 2015
Michigan,42.731394,-82.793463,Ozone,0.040708,Ozone 8-hour 2015
Michigan,42.51334,-83.005971,Ozone,0.039249,Ozone 8-hour 2015
Michigan,44.306999999999995,-86.242649,Ozone,0.038008,Ozone 8-hour 2015
Michigan,43.953334000000005,-86.294415,Ozone,0.036558999999999994,Ozone 8-hour 2015
Michigan,44.310555,-84.891865,Ozone,0.037742000000000005,Ozone 8-hour 2015
Michigan,43.278061,-86.311083,Ozone,0.040172,Ozone 8-hour 2015
Michigan,42.463063,-83.183199,Ozone,0.041402,Ozone 8-hour 2015
Michigan,42.894451000000004,-85.852734,Ozone,0.041367,Ozone 8-hour 2015
Michigan,42.953336,-82.45622900000001,Ozone,0.041398000000000004,Ozone 8-hour 2015
Michigan,46.288877,-85.950227,Ozone,0.037004,Ozone 8-hour 2015
Michigan,43.6138,-83.3591,Ozone,0.039376999999999995,Ozone 8-hour 2015
Michigan,42.240565000000004,-83.599602,Ozone,0.039701,Ozone 8-hour 2015
Michigan,42.416636,-83.902185,Ozone,0.040401,Ozone 8-hour 2015
Michigan,42.22862,-83.2082,Ozone,0.03405,Ozone 8-hour 2015
Michigan,42.43084,-83.000138,Ozone,0.042888,Ozone 8-hour 2015
Michigan,44.180890000000005,-85.738985,Ozone,0.039353,Ozone 8-hour 2015
Minnesota,45.40184,-93.20306,Ozone,0.034423,Ozone 8-hour 2015
Minnesota,45.137679999999996,-93.207615,Ozone,0.035435,Ozone 8-hour 2015
Minnesota,46.851811,-95.846272,Ozone,0.035920999999999995,Ozone 8-hour 2015
Minnesota,46.713694,-92.51172199999999,Ozone,0.034730000000000004,Ozone 8-hour 2015
Minnesota,46.39674,-94.1303,Ozone,0.036674,Ozone 8-hour 2015
Minnesota,44.473754,-93.01261099999999,Ozone,0.039505,Ozone 8-hour 2015
Minnesota,44.965241999999996,-93.25475899999999,Ozone,0.03361,Ozone 8-hour 2015
Minnesota,47.948622,-91.495574,Ozone,0.036084,Ozone 8-hour 2015
Minnesota,44.4438,-95.81789,Ozone,0.037656,Ozone 8-hour 2015
Minnesota,46.2053,-93.75945,Ozone,0.035908999999999996,Ozone 8-hour 2015
Minnesota,43.996908000000005,-92.450366,Ozone,0.037904,Ozone 8-hour 2015
Minnesota,48.41252,-92.829225,Ozone,0.034504,Ozone 8-hour 2015
Minnesota,46.818259999999995,-92.08936,Ozone,0.033032,Ozone 8-hour 2015
Minnesota,44.791437,-93.512534,Ozone,0.038017,Ozone 8-hour 2015
Minnesota,45.549839,-94.13345,Ozone,0.036951,Ozone 8-hour 2015
Minnesota,45.168003999999996,-92.765136,Ozone,0.033897000000000004,Ozone 8-hour 2015
Minnesota,45.20916,-93.66920999999999,Ozone,0.038846,Ozone 8-hour 2015
Mississippi,33.750838,-90.734175,Ozone,0.042344,Ozone 8-hour 2015
Mississippi,34.821659999999994,-89.98783,Ozone,0.041226,Ozone 8-hour 2015
Mississippi,30.300833,-89.395916,Ozone,0.039938,Ozone 8-hour 2015
Mississippi,30.390369,-89.049778,Ozone,0.040893,Ozone 8-hour 2015
Mississippi,32.329111,-90.182722,Ozone,0.036517,Ozone 8-hour 2015
Mississippi,32.346722,-90.225667,Ozone,0.039842,Ozone 8-hour 2015
Mississippi,30.378287,-88.53393,Ozone,0.040604,Ozone 8-hour 2015
Mississippi,32.364565,-88.731491,Ozone,0.0385,Ozone 8-hour 2015
Mississippi,34.264917,-88.766222,Ozone,0.041117,Ozone 8-hour 2015
Mississippi,34.002747,-89.799183,Ozone,0.037348,Ozone 8-hour 2015
Missouri,39.9544,-94.84899999999999,Ozone,0.042033,Ozone 8-hour 2015
Missouri,39.9544,-94.84899999999999,Ozone,0.042407,Ozone 8-hour 2015
Missouri,39.07803,-92.31631999999999,Ozone,0.040109,Ozone 8-hour 2015
Missouri,39.07803,-92.31631999999999,Ozone,0.039626999999999996,Ozone 8-hour 2015
Missouri,38.70608,-92.09308,Ozone,0.040806999999999996,Ozone 8-hour 2015
Missouri,38.70608,-92.09308,Ozone,0.041107,Ozone 8-hour 2015
Missouri,38.759609999999995,-94.57983,Ozone,0.042636,Ozone 8-hour 2015
Missouri,38.759609999999995,-94.57983,Ozone,0.042386,Ozone 8-hour 2015
Missouri,37.70097,-94.03474,Ozone,0.040611,Ozone 8-hour 2015
Missouri,37.70097,-94.03474,Ozone,0.040563,Ozone 8-hour 2015
Missouri,39.407452,-94.265373,Ozone,0.042142,Ozone 8-hour 2015
Missouri,39.407452,-94.265373,Ozone,0.042605000000000004,Ozone 8-hour 2015
Missouri,39.303174,-94.377014,Ozone,0.043494,Ozone 8-hour 2015
Missouri,39.303174,-94.377014,Ozone,0.042945,Ozone 8-hour 2015
Missouri,39.331913,-94.580931,Ozone,0.044442,Ozone 8-hour 2015
Missouri,39.331913,-94.580931,Ozone,0.044909,Ozone 8-hour 2015
Missouri,39.53063,-94.55594,Ozone,0.043902,Ozone 8-hour 2015
Missouri,39.53063,-94.55594,Ozone,0.043741,Ozone 8-hour 2015
Missouri,37.256137,-93.299894,Ozone,0.041473,Ozone 8-hour 2015
Missouri,37.256137,-93.299894,Ozone,0.041543000000000004,Ozone 8-hour 2015
Missouri,37.319186,-93.204411,Ozone,0.042255,Ozone 8-hour 2015
Missouri,37.319186,-93.204411,Ozone,0.040802,Ozone 8-hour 2015
Missouri,37.2385,-94.42468000000001,Ozone,0.042641000000000005,Ozone 8-hour 2015
Missouri,37.2385,-94.42468000000001,Ozone,0.041951,Ozone 8-hour 2015
Missouri,38.448671999999995,-90.395904,Ozone,0.042934,Ozone 8-hour 2015
Missouri,38.448671999999995,-90.395904,Ozone,0.042549000000000003,Ozone 8-hour 2015
Missouri,39.045770000000005,-90.84926999999999,Ozone,0.042354,Ozone 8-hour 2015
Missouri,39.045770000000005,-90.84926999999999,Ozone,0.042057,Ozone 8-hour 2015
Missouri,39.474976,-91.78899100000001,Ozone,0.03926,Ozone 8-hour 2015
Missouri,39.474976,-91.78899100000001,Ozone,0.040551,Ozone 8-hour 2015
Missouri,37.70264,-89.69864,Ozone,0.042494,Ozone 8-hour 2015
Missouri,37.70264,-89.69864,Ozone,0.042504,Ozone 8-hour 2015
Missouri,38.872546,-90.226488,Ozone,0.042898,Ozone 8-hour 2015
Missouri,38.872546,-90.226488,Ozone,0.042899,Ozone 8-hour 2015
Missouri,38.8994,-90.44917,Ozone,0.043677999999999995,Ozone 8-hour 2015
Missouri,38.8994,-90.44917,Ozone,0.043825,Ozone 8-hour 2015
Missouri,37.90084,-90.42388000000001,Ozone,0.040721,Ozone 8-hour 2015
Missouri,37.90084,-90.42388000000001,Ozone,0.041344,Ozone 8-hour 2015
Missouri,38.49015,-90.70509,Ozone,0.040672,Ozone 8-hour 2015
Missouri,38.49015,-90.70509,Ozone,0.041286,Ozone 8-hour 2015
Missouri,38.71085,-90.47606,Ozone,0.043436,Ozone 8-hour 2015
Missouri,38.71085,-90.47606,Ozone,0.043636,Ozone 8-hour 2015
Missouri,38.656428999999996,-90.198348,Ozone,0.037108999999999996,Ozone 8-hour 2015
Missouri,38.656428999999996,-90.198348,Ozone,0.037709,Ozone 8-hour 2015
Montana,47.048536999999996,-109.45531499999998,Ozone,0.042138999999999996,Ozone 8-hour 2015
Montana,48.5103,-113.99681000000001,Ozone,0.037221,Ozone 8-hour 2015
Montana,46.8505,-111.98716399999999,Ozone,0.040972,Ozone 8-hour 2015
Montana,48.317507,-107.862471,Ozone,0.039407,Ozone 8-hour 2015
Montana,45.440295,-105.370283,Ozone,0.042931,Ozone 8-hour 2015
Montana,47.8679,-104.67694399999999,Ozone,0.042211,Ozone 8-hour 2015
Montana,45.366151,-106.48982,Ozone,0.041069,Ozone 8-hour 2015
Nebraska,41.247486,-95.97314200000001,Ozone,0.035039,Ozone 8-hour 2015
Nebraska,41.207958000000005,-95.945897,Ozone,0.034362000000000004,Ozone 8-hour 2015
Nebraska,41.322508,-95.93859300000001,Ozone,0.039013,Ozone 8-hour 2015
Nebraska,42.829153999999996,-97.854129,Ozone,0.040873,Ozone 8-hour 2015
Nebraska,40.984722999999995,-96.677513,Ozone,0.038,Ozone 8-hour 2015
Nevada,39.472471,-118.783624,Ozone,0.043307,Ozone 8-hour 2015
Nevada,36.39103,-114.90742900000001,Ozone,0.051296,Ozone 8-hour 2015
Nevada,36.807913,-114.060879,Ozone,0.049066000000000005,Ozone 8-hour 2015
Nevada,36.106389,-115.25333300000001,Ozone,0.047169,Ozone 8-hour 2015
Nevada,36.16976,-115.263038,Ozone,0.046757,Ozone 8-hour 2015
Nevada,36.173415000000006,-115.332728,Ozone,0.043642,Ozone 8-hour 2015
Nevada,36.270592,-115.23828200000001,Ozone,0.046310000000000004,Ozone 8-hour 2015
Nevada,36.048705,-115.05294199999999,Ozone,0.047397,Ozone 8-hour 2015
Nevada,36.141875,-115.07874199999999,Ozone,0.044705,Ozone 8-hour 2015
Nevada,35.978149,-114.846313,Ozone,0.046955000000000004,Ozone 8-hour 2015
Nevada,35.785665,-115.357087,Ozone,0.048496,Ozone 8-hour 2015
Nevada,36.318874,-115.586128,Ozone,0.050825999999999996,Ozone 8-hour 2015
Nevada,36.569333,-115.676651,Ozone,0.052000000000000005,Ozone 8-hour 2015
Nevada,39.602787,-119.24774099999999,Ozone,0.040418,Ozone 8-hour 2015
Nevada,39.525083,-119.807717,Ozone,0.044275999999999996,Ozone 8-hour 2015
Nevada,39.469219,-119.77535400000001,Ozone,0.039466,Ozone 8-hour 2015
Nevada,39.399837,-119.73960600000001,Ozone,0.0418,Ozone 8-hour 2015
Nevada,39.540917,-119.746761,Ozone,0.041264,Ozone 8-hour 2015
Nevada,39.621434,-119.71876999999999,Ozone,0.038997000000000004,Ozone 8-hour 2015
Nevada,39.250409000000005,-119.95673799999999,Ozone,0.044702,Ozone 8-hour 2015
Nevada,39.645264000000005,-119.840025,Ozone,0.044472000000000005,Ozone 8-hour 2015
Nevada,39.00512,-114.21593,Ozone,0.047589,Ozone 8-hour 2015
Nevada,39.1447,-119.7661,Ozone,0.044769,Ozone 8-hour 2015
New Hampshire,43.566122,-71.496335,Ozone,0.036621,Ozone 8-hour 2015
New Hampshire,42.930521,-72.27233199999999,Ozone,0.03784,Ozone 8-hour 2015
New Hampshire,44.270093,-71.303821,Ozone,0.040695,Ozone 8-hour 2015
New Hampshire,44.308132,-71.217639,Ozone,0.036098000000000005,Ozone 8-hour 2015
New Hampshire,43.629605,-72.309499,Ozone,0.034416,Ozone 8-hour 2015
New Hampshire,43.944519,-71.700788,Ozone,0.033652,Ozone 8-hour 2015
New Hampshire,42.718653,-71.522416,Ozone,0.03885,Ozone 8-hour 2015
New Hampshire,42.86183,-71.878626,Ozone,0.038882,Ozone 8-hour 2015
New Hampshire,43.2185,-71.5145,Ozone,0.037856,Ozone 8-hour 2015
New Hampshire,43.075371000000004,-70.748017,Ozone,0.035844,Ozone 8-hour 2015
New Hampshire,43.045269,-70.71395799999999,Ozone,0.040808,Ozone 8-hour 2015
New Hampshire,42.862531,-71.38014,Ozone,0.037734,Ozone 8-hour 2015
New Jersey,39.464872,-74.448736,Ozone,0.041263,Ozone 8-hour 2015
New Jersey,40.870436,-73.99199399999999,Ozone,0.041448,Ozone 8-hour 2015
New Jersey,39.934559,-75.125219,Ozone,0.044385,Ozone 8-hour 2015
New Jersey,39.68425,-74.861491,Ozone,0.044269,Ozone 8-hour 2015
New Jersey,39.422273,-75.025204,Ozone,0.044188,Ozone 8-hour 2015
New Jersey,40.720989,-74.192892,Ozone,0.035237,Ozone 8-hour 2015
New Jersey,39.800339,-75.212119,Ozone,0.040999999999999995,Ozone 8-hour 2015
New Jersey,40.67025,-74.126081,Ozone,0.039314,Ozone 8-hour 2015
New Jersey,40.515262,-74.806671,Ozone,0.042983999999999994,Ozone 8-hour 2015
New Jersey,40.283091999999996,-74.742613,Ozone,0.042798,Ozone 8-hour 2015
New Jersey,40.3125,-74.8729,Ozone,0.044742000000000004,Ozone 8-hour 2015
New Jersey,40.462182,-74.429439,Ozone,0.04395,Ozone 8-hour 2015
New Jersey,40.277646999999995,-74.0051,Ozone,0.040727,Ozone 8-hour 2015
New Jersey,40.787628000000005,-74.676301,Ozone,0.042332999999999996,Ozone 8-hour 2015
New Jersey,40.06483,-74.44405,Ozone,0.044213,Ozone 8-hour 2015
New Jersey,41.058617,-74.255544,Ozone,0.040833999999999995,Ozone 8-hour 2015
New Jersey,40.92458,-75.067815,Ozone,0.035715,Ozone 8-hour 2015
New Mexico,35.1343,-106.5852,Ozone,0.04707,Ozone 8-hour 2015
New Mexico,35.01708,-106.65738999999999,Ozone,0.045193000000000004,Ozone 8-hour 2015
New Mexico,35.1852,-106.50815,Ozone,0.048688999999999996,Ozone 8-hour 2015
New Mexico,31.930659000000002,-106.631103,Ozone,0.045264,Ozone 8-hour 2015
New Mexico,32.041212,-106.40971,Ozone,0.048839999999999995,Ozone 8-hour 2015
New Mexico,31.796218,-106.584434,Ozone,0.047957,Ozone 8-hour 2015
New Mexico,31.787885,-106.683324,Ozone,0.046891,Ozone 8-hour 2015
New Mexico,32.317593,-106.76833700000002,Ozone,0.047763,Ozone 8-hour 2015
New Mexico,32.178157,-104.44344699999999,Ozone,0.0475,Ozone 8-hour 2015
New Mexico,32.380117999999996,-104.262726,Ozone,0.050331,Ozone 8-hour 2015
New Mexico,32.726656,-103.122917,Ozone,0.046581,Ozone 8-hour 2015
New Mexico,36.187742,-106.698369,Ozone,0.046318,Ozone 8-hour 2015
New Mexico,35.299484,-106.548914,Ozone,0.045775,Ozone 8-hour 2015
New Mexico,35.338407000000004,-106.52429199999999,Ozone,0.047658,Ozone 8-hour 2015
New Mexico,36.742227,-107.977567,Ozone,0.046548,Ozone 8-hour 2015
New Mexico,36.809734999999996,-107.652192,Ozone,0.047954000000000004,Ozone 8-hour 2015
New Mexico,36.035,-107.90416699999999,Ozone,0.04702,Ozone 8-hour 2015
New Mexico,36.796667,-108.47313799999999,Ozone,0.045877999999999995,Ozone 8-hour 2015
New Mexico,36.8071,-108.69523000000001,Ozone,0.043197,Ozone 8-hour 2015
New Mexico,35.61975,-106.07968000000001,Ozone,0.04823,Ozone 8-hour 2015
New Mexico,34.8147,-106.7396,Ozone,0.046293,Ozone 8-hour 2015
New York,42.68075,-73.75733000000001,Ozone,0.038,Ozone 8-hour 2015
New York,40.816,-73.902,Ozone,0.039583,Ozone 8-hour 2015
New York,40.8679,-73.87809,Ozone,0.040684,Ozone 8-hour 2015
New York,42.499629999999996,-79.31881,Ozone,0.042294,Ozone 8-hour 2015
New York,41.78555,-73.74136,Ozone,0.039228,Ozone 8-hour 2015
New York,42.99328,-78.77153,Ozone,0.041042,Ozone 8-hour 2015
New York,44.36608,-73.90312,Ozone,0.044913999999999996,Ozone 8-hour 2015
New York,44.39308,-73.8589,Ozone,0.039237,Ozone 8-hour 2015
New York,43.9731,-74.2232,Ozone,0.033612,Ozone 8-hour 2015
New York,43.44957,-74.51625,Ozone,0.038085,Ozone 8-hour 2015
New York,43.68578,-74.98538,Ozone,0.031692000000000005,Ozone 8-hour 2015
New York,44.08747,-75.97316,Ozone,0.037881,Ozone 8-hour 2015
New York,43.14618,-77.54817,Ozone,0.035858,Ozone 8-hour 2015
New York,40.819759999999995,-73.94825,Ozone,0.039165,Ozone 8-hour 2015
New York,43.223859999999995,-78.47888,Ozone,0.039575,Ozone 8-hour 2015
New York,43.05235,-76.05921,Ozone,0.040269,Ozone 8-hour 2015
New York,41.52375,-74.21534,Ozone,0.03782,Ozone 8-hour 2015
New York,43.284279999999995,-76.46324,Ozone,0.037774,Ozone 8-hour 2015
New York,41.455890000000004,-73.70976999999999,Ozone,0.039495999999999996,Ozone 8-hour 2015
New York,40.73614,-73.82153000000001,Ozone,0.037583,Ozone 8-hour 2015
New York,40.58027,-74.19832,Ozone,0.040846,Ozone 8-hour 2015
New York,41.18208,-74.02819000000001,Ozone,0.041543000000000004,Ozone 8-hour 2015
New York,43.01209,-73.6489,Ozone,0.037183,Ozone 8-hour 2015
New York,42.09142,-77.20978000000001,Ozone,0.036513,Ozone 8-hour 2015
New York,40.745290000000004,-73.41919,Ozone,0.042963,Ozone 8-hour 2015
New York,40.96078,-72.71238000000001,Ozone,0.044541000000000004,Ozone 8-hour 2015
New York,40.82799,-73.05754,Ozone,0.042568,Ozone 8-hour 2015
New York,40.961017,-73.139046,Ozone,0.044446,Ozone 8-hour 2015
New York,42.4006,-76.6538,Ozone,0.039097,Ozone 8-hour 2015
New York,43.23086,-77.17135999999999,Ozone,0.039175,Ozone 8-hour 2015
New York,41.05192,-73.76366,Ozone,0.041798,Ozone 8-hour 2015
North Carolina,35.9138,-81.191,Ozone,0.044294,Ozone 8-hour 2015
North Carolina,35.972347,-81.933072,Ozone,0.04034,Ozone 8-hour 2015
North Carolina,36.1058,-82.0454,Ozone,0.044747,Ozone 8-hour 2015
North Carolina,35.500102000000005,-82.59985999999999,Ozone,0.042607,Ozone 8-hour 2015
North Carolina,35.9359,-81.5306,Ozone,0.043992,Ozone 8-hour 2015
North Carolina,34.8848,-76.6203,Ozone,0.042761,Ozone 8-hour 2015
North Carolina,36.307033000000004,-79.467417,Ozone,0.041398000000000004,Ozone 8-hour 2015
North Carolina,35.158685999999996,-78.72803499999999,Ozone,0.045123,Ozone 8-hour 2015
North Carolina,35.002303999999995,-78.991692,Ozone,0.044638,Ozone 8-hour 2015
North Carolina,36.032955,-78.904037,Ozone,0.044324,Ozone 8-hour 2015
North Carolina,35.988278,-77.5843,Ozone,0.042823,Ozone 8-hour 2015
North Carolina,36.110693,-80.226438,Ozone,0.046599,Ozone 8-hour 2015
North Carolina,36.025999999999996,-80.342,Ozone,0.044588,Ozone 8-hour 2015
North Carolina,36.05097,-80.14365699999999,Ozone,0.046156,Ozone 8-hour 2015
North Carolina,35.2578,-83.7955,Ozone,0.045316,Ozone 8-hour 2015
North Carolina,36.141110999999995,-78.768056,Ozone,0.046107999999999996,Ozone 8-hour 2015
North Carolina,36.109006,-79.802314,Ozone,0.04736,Ozone 8-hour 2015
North Carolina,35.507224,-82.963625,Ozone,0.042095,Ozone 8-hour 2015
North Carolina,35.379166999999995,-82.7925,Ozone,0.047245,Ozone 8-hour 2015
North Carolina,35.587144,-83.074156,Ozone,0.044923000000000005,Ozone 8-hour 2015
North Carolina,35.59095,-78.4622,Ozone,0.044012,Ozone 8-hour 2015
North Carolina,35.231459,-77.568792,Ozone,0.044624000000000004,Ozone 8-hour 2015
North Carolina,35.438556,-81.27675,Ozone,0.046881,Ozone 8-hour 2015
North Carolina,35.0608,-83.4306,Ozone,0.037142,Ozone 8-hour 2015
North Carolina,35.81066,-76.906249,Ozone,0.045262000000000004,Ozone 8-hour 2015
North Carolina,35.2401,-80.78568299999999,Ozone,0.041865,Ozone 8-hour 2015
North Carolina,35.314158,-80.71346899999999,Ozone,0.047649000000000004,Ozone 8-hour 2015
North Carolina,35.2632,-79.8365,Ozone,0.042381,Ozone 8-hour 2015
North Carolina,34.364167,-77.838611,Ozone,0.042739,Ozone 8-hour 2015
North Carolina,36.306965000000005,-79.09196999999999,Ozone,0.046291000000000006,Ozone 8-hour 2015
North Carolina,35.641276,-77.360126,Ozone,0.044417,Ozone 8-hour 2015
North Carolina,36.308889,-79.859167,Ozone,0.045939,Ozone 8-hour 2015
North Carolina,35.551868,-80.395039,Ozone,0.047727,Ozone 8-hour 2015
North Carolina,35.434767,-83.442133,Ozone,0.038955000000000004,Ozone 8-hour 2015
North Carolina,35.498711,-83.310242,Ozone,0.039560000000000005,Ozone 8-hour 2015
North Carolina,34.974039000000005,-80.540622,Ozone,0.047187,Ozone 8-hour 2015
North Carolina,35.856111,-78.574167,Ozone,0.041645999999999996,Ozone 8-hour 2015
North Carolina,35.765413,-82.264944,Ozone,0.04646,Ozone 8-hour 2015
North Dakota,46.8943,-103.37853,Ozone,0.040408,Ozone 8-hour 2015
North Dakota,48.64193,-102.4018,Ozone,0.039545,Ozone 8-hour 2015
North Dakota,46.825425,-100.76821,Ozone,0.037277,Ozone 8-hour 2015
North Dakota,46.933754,-96.85535,Ozone,0.034669,Ozone 8-hour 2015
North Dakota,47.342423,-102.645864,Ozone,0.041038,Ozone 8-hour 2015
North Dakota,47.5812,-103.2995,Ozone,0.041373,Ozone 8-hour 2015
North Dakota,47.298611,-101.766944,Ozone,0.039302,Ozone 8-hour 2015
North Dakota,47.185833,-101.42805600000001,Ozone,0.041431,Ozone 8-hour 2015
North Dakota,47.940861,-101.57158299999999,Ozone,0.038130000000000004,Ozone 8-hour 2015
North Dakota,48.15278,-103.63951,Ozone,0.039914,Ozone 8-hour 2015
Ohio,40.770944,-84.0539,Ozone,0.043695,Ozone 8-hour 2015
Ohio,41.959695,-80.572808,Ozone,0.042218,Ozone 8-hour 2015
Ohio,39.529444,-84.39345300000001,Ozone,0.046429000000000005,Ozone 8-hour 2015
Ohio,39.384671000000004,-84.540537,Ozone,0.046373000000000004,Ozone 8-hour 2015
Ohio,39.5327,-84.7286,Ozone,0.045677999999999996,Ozone 8-hour 2015
Ohio,40.00103,-83.80456,Ozone,0.04434,Ozone 8-hour 2015
Ohio,39.85567,-83.99773,Ozone,0.04417,Ozone 8-hour 2015
Ohio,39.0828,-84.1441,Ozone,0.047249,Ozone 8-hour 2015
Ohio,39.430038,-83.78850200000001,Ozone,0.045576,Ozone 8-hour 2015
Ohio,41.55523,-81.57525600000001,Ozone,0.041874,Ozone 8-hour 2015
Ohio,41.492117,-81.678449,Ozone,0.036034,Ozone 8-hour 2015
Ohio,41.361835,-81.86457,Ozone,0.043057,Ozone 8-hour 2015
Ohio,41.536941999999996,-81.458871,Ozone,0.044149,Ozone 8-hour 2015
Ohio,40.356694,-83.063971,Ozone,0.043538,Ozone 8-hour 2015
Ohio,39.6359,-83.2605,Ozone,0.044160000000000005,Ozone 8-hour 2015
Ohio,40.084514,-82.815585,Ozone,0.046574000000000004,Ozone 8-hour 2015
Ohio,40.0877,-82.959773,Ozone,0.04216,Ozone 8-hour 2015
Ohio,41.515051,-81.24990600000001,Ozone,0.04552,Ozone 8-hour 2015
Ohio,39.66575,-83.94268000000001,Ozone,0.044021,Ozone 8-hour 2015
Ohio,39.2787,-84.36625,Ozone,0.047448000000000004,Ozone 8-hour 2015
Ohio,39.21487,-84.69086,Ozone,0.046258999999999995,Ozone 8-hour 2015
Ohio,39.128859999999996,-84.50404,Ozone,0.039604,Ozone 8-hour 2015
Ohio,40.366440000000004,-80.61558000000001,Ozone,0.04145,Ozone 8-hour 2015
Ohio,40.278859999999995,-82.679563,Ozone,0.044601999999999996,Ozone 8-hour 2015
Ohio,41.673006,-81.422455,Ozone,0.043729000000000004,Ozone 8-hour 2015
Ohio,41.726811,-81.24215600000001,Ozone,0.043029000000000005,Ozone 8-hour 2015
Ohio,38.62901,-82.45886,Ozone,0.041597,Ozone 8-hour 2015
Ohio,38.508075,-82.65924100000001,Ozone,0.043328,Ozone 8-hour 2015
Ohio,40.026037,-82.432996,Ozone,0.042988,Ozone 8-hour 2015
Ohio,39.954457,-82.75891999999999,Ozone,0.042078,Ozone 8-hour 2015
Ohio,41.420882,-82.095729,Ozone,0.03986,Ozone 8-hour 2015
Ohio,41.644067,-83.54616,Ozone,0.040541,Ozone 8-hour 2015
Ohio,41.4942,-83.718949,Ozone,0.041314,Ozone 8-hour 2015
Ohio,41.669001,-83.28716999999999,Ozone,0.044226999999999995,Ozone 8-hour 2015
Ohio,39.78819,-83.47606,Ozone,0.045295,Ozone 8-hour 2015
Ohio,41.096188,-80.658867,Ozone,0.042700999999999996,Ozone 8-hour 2015
Ohio,41.0604,-81.9239,Ozone,0.03825,Ozone 8-hour 2015
Ohio,40.08502,-84.11380799999999,Ozone,0.042925,Ozone 8-hour 2015
Ohio,39.785644,-84.134412,Ozone,0.044837,Ozone 8-hour 2015
Ohio,39.9428,-81.3373,Ozone,0.044172,Ozone 8-hour 2015
Ohio,41.182466,-81.330486,Ozone,0.039682999999999996,Ozone 8-hour 2015
Ohio,39.83562,-84.720524,Ozone,0.039373000000000005,Ozone 8-hour 2015
Ohio,40.82812,-81.3785,Ozone,0.046022,Ozone 8-hour 2015
Ohio,40.712778,-81.598333,Ozone,0.043651999999999996,Ozone 8-hour 2015
Ohio,40.931329999999996,-81.12351899999999,Ozone,0.045295999999999996,Ozone 8-hour 2015
Ohio,41.106486,-81.503547,Ozone,0.043657,Ozone 8-hour 2015
Ohio,41.240453,-80.66272,Ozone,0.042921,Ozone 8-hour 2015
Ohio,41.454568,-80.589528,Ozone,0.042485,Ozone 8-hour 2015
Ohio,39.42689,-84.20076999999999,Ozone,0.047119,Ozone 8-hour 2015
Ohio,39.432117,-81.46044300000001,Ozone,0.044135,Ozone 8-hour 2015
Ohio,41.377685,-83.611104,Ozone,0.040811,Ozone 8-hour 2015
Oklahoma,35.750735,-94.669697,Ozone,0.037958,Ozone 8-hour 2015
Oklahoma,35.479215,-97.751503,Ozone,0.043722000000000004,Ozone 8-hour 2015
Oklahoma,34.244189,-97.46293100000001,Ozone,0.044543,Ozone 8-hour 2015
Oklahoma,34.153,-95.3213,Ozone,0.040012,Ozone 8-hour 2015
Oklahoma,35.320105,-97.484099,Ozone,0.044007,Ozone 8-hour 2015
Oklahoma,34.632979999999996,-98.42879,Ozone,0.044263,Ozone 8-hour 2015
Oklahoma,36.105481,-96.36119599999999,Ozone,0.041787,Ozone 8-hour 2015
Oklahoma,36.158414,-98.931973,Ozone,0.043548,Ozone 8-hour 2015
Oklahoma,34.214818,-96.676936,Ozone,0.041729,Ozone 8-hour 2015
Oklahoma,36.956222,-97.03135,Ozone,0.039639,Ozone 8-hour 2015
Oklahoma,36.228408,-95.249943,Ozone,0.038225999999999996,Ozone 8-hour 2015
Oklahoma,36.918409999999994,-95.632286,Ozone,0.04178,Ozone 8-hour 2015
Oklahoma,35.477801,-97.303044,Ozone,0.043607,Ozone 8-hour 2015
Oklahoma,35.614131,-97.475083,Ozone,0.045788999999999996,Ozone 8-hour 2015
Oklahoma,36.35586,-96.01243000000001,Ozone,0.043512999999999996,Ozone 8-hour 2015
Oklahoma,36.922222,-94.838889,Ozone,0.038866000000000005,Ozone 8-hour 2015
Oklahoma,34.885608000000005,-95.78441,Ozone,0.042464,Ozone 8-hour 2015
Oklahoma,35.40814,-94.524413,Ozone,0.038064999999999995,Ozone 8-hour 2015
Oklahoma,35.953708,-96.004975,Ozone,0.041224000000000004,Ozone 8-hour 2015
Oklahoma,36.133802,-95.764537,Ozone,0.043089999999999996,Ozone 8-hour 2015
Oklahoma,36.204902000000004,-95.976537,Ozone,0.03868,Ozone 8-hour 2015
Oregon,45.25928,-122.588151,Ozone,0.037467,Ozone 8-hour 2015
Oregon,45.768531,-122.7721,Ozone,0.031611,Ozone 8-hour 2015
Oregon,42.229890999999995,-122.7877,Ozone,0.042454,Ozone 8-hour 2015
Oregon,44.026312,-123.08373700000001,Ozone,0.03283,Ozone 8-hour 2015
Oregon,43.8345,-123.0353,Ozone,0.033281,Ozone 8-hour 2015
Oregon,44.81029,-122.915085,Ozone,0.036007,Ozone 8-hour 2015
Oregon,44.943114,-123.00593400000001,Ozone,0.033257999999999996,Ozone 8-hour 2015
Oregon,45.496641,-122.602877,Ozone,0.029991000000000004,Ozone 8-hour 2015
Oregon,45.828967999999996,-119.26299099999999,Ozone,0.042362000000000004,Ozone 8-hour 2015
Oregon,45.393496999999996,-122.74789399999999,Ozone,0.028711,Ozone 8-hour 2015
Pennsylvania,39.92002,-77.30968,Ozone,0.044917,Ozone 8-hour 2015
Pennsylvania,39.9231,-77.3078,Ozone,0.044258,Ozone 8-hour 2015
Pennsylvania,40.46542,-79.960757,Ozone,0.037239999999999995,Ozone 8-hour 2015
Pennsylvania,40.375644,-80.169943,Ozone,0.046107,Ozone 8-hour 2015
Pennsylvania,40.617488,-79.727664,Ozone,0.041676,Ozone 8-hour 2015
Pennsylvania,40.814183,-79.56475,Ozone,0.041538,Ozone 8-hour 2015
Pennsylvania,40.56252,-80.503948,Ozone,0.046571,Ozone 8-hour 2015
Pennsylvania,40.684722,-80.35972199999999,Ozone,0.043791000000000004,Ozone 8-hour 2015
Pennsylvania,40.747796,-80.31644200000001,Ozone,0.042469,Ozone 8-hour 2015
Pennsylvania,40.51408,-75.789721,Ozone,0.039414,Ozone 8-hour 2015
Pennsylvania,40.38335,-75.9686,Ozone,0.043427999999999994,Ozone 8-hour 2015
Pennsylvania,40.535278000000005,-78.37083299999999,Ozone,0.042175,Ozone 8-hour 2015
Pennsylvania,41.705226,-76.512726,Ozone,0.039026,Ozone 8-hour 2015
Pennsylvania,40.107222,-74.882222,Ozone,0.044288,Ozone 8-hour 2015
Pennsylvania,40.309722,-78.915,Ozone,0.038846,Ozone 8-hour 2015
Pennsylvania,40.811389,-77.877028,Ozone,0.040389,Ozone 8-hour 2015
Pennsylvania,40.7208,-77.9319,Ozone,0.042479,Ozone 8-hour 2015
Pennsylvania,39.834461,-75.768242,Ozone,0.046017,Ozone 8-hour 2015
Pennsylvania,41.1175,-78.52619399999999,Ozone,0.038539,Ozone 8-hour 2015
Pennsylvania,40.246992,-76.846988,Ozone,0.040902,Ozone 8-hour 2015
Pennsylvania,40.272222,-76.681389,Ozone,0.041783,Ozone 8-hour 2015
Pennsylvania,39.835556,-75.3725,Ozone,0.044356,Ozone 8-hour 2015
Pennsylvania,41.598119,-78.76786700000001,Ozone,0.041441000000000006,Ozone 8-hour 2015
Pennsylvania,42.14175,-80.038611,Ozone,0.038929000000000005,Ozone 8-hour 2015
Pennsylvania,39.917663,-79.805499,Ozone,0.042595999999999995,Ozone 8-hour 2015
Pennsylvania,39.961110999999995,-77.47555600000001,Ozone,0.04333,Ozone 8-hour 2015
Pennsylvania,39.809329999999996,-80.26567,Ozone,0.04068,Ozone 8-hour 2015
Pennsylvania,40.56333,-78.919972,Ozone,0.044751,Ozone 8-hour 2015
Pennsylvania,41.479116,-75.578186,Ozone,0.036955,Ozone 8-hour 2015
Pennsylvania,41.442778000000004,-75.623056,Ozone,0.040661,Ozone 8-hour 2015
Pennsylvania,40.046667,-76.283333,Ozone,0.043907999999999996,Ozone 8-hour 2015
Pennsylvania,40.043833,-76.1124,Ozone,0.041494,Ozone 8-hour 2015
Pennsylvania,40.995847999999995,-80.34644200000001,Ozone,0.037683,Ozone 8-hour 2015
Pennsylvania,40.337328,-76.383447,Ozone,0.042672,Ozone 8-hour 2015
Pennsylvania,40.611944,-75.4325,Ozone,0.041672,Ozone 8-hour 2015
Pennsylvania,41.265556,-75.846389,Ozone,0.040726,Ozone 8-hour 2015
Pennsylvania,41.2508,-76.9238,Ozone,0.038905,Ozone 8-hour 2015
Pennsylvania,41.215014000000004,-80.484779,Ozone,0.042834,Ozone 8-hour 2015
Pennsylvania,41.4271,-80.1451,Ozone,0.043,Ozone 8-hour 2015
Pennsylvania,41.083059999999996,-75.32328000000001,Ozone,0.040638,Ozone 8-hour 2015
Pennsylvania,40.112221999999996,-75.309167,Ozone,0.041976,Ozone 8-hour 2015
Pennsylvania,40.628056,-75.341111,Ozone,0.0431,Ozone 8-hour 2015
Pennsylvania,40.008889,-75.09778,Ozone,0.03985,Ozone 8-hour 2015
Pennsylvania,40.076389,-75.011944,Ozone,0.046275,Ozone 8-hour 2015
Pennsylvania,39.991389,-75.080833,Ozone,0.036704,Ozone 8-hour 2015
Pennsylvania,39.9878,-79.2515,Ozone,0.042408999999999995,Ozone 8-hour 2015
Pennsylvania,41.644721999999994,-76.939167,Ozone,0.040561,Ozone 8-hour 2015
Pennsylvania,40.146667,-79.902222,Ozone,0.043232,Ozone 8-hour 2015
Pennsylvania,40.445278,-80.420833,Ozone,0.037432,Ozone 8-hour 2015
Pennsylvania,40.268963,-80.243995,Ozone,0.044954,Ozone 8-hour 2015
Pennsylvania,40.304694,-79.505667,Ozone,0.04285,Ozone 8-hour 2015
Pennsylvania,39.965278000000005,-76.699444,Ozone,0.042637,Ozone 8-hour 2015
Pennsylvania,39.86097,-76.462055,Ozone,0.039742,Ozone 8-hour 2015
Rhode Island,41.615237,-71.72,Ozone,0.044099,Ozone 8-hour 2015
Rhode Island,41.841039,-71.36097,Ozone,0.041977,Ozone 8-hour 2015
Rhode Island,41.49511,-71.423705,Ozone,0.045802999999999996,Ozone 8-hour 2015
South Carolina,33.342226000000004,-81.788731,Ozone,0.043504,Ozone 8-hour 2015
South Carolina,34.623236,-82.532059,Ozone,0.045956,Ozone 8-hour 2015
South Carolina,32.987252000000005,-79.9367,Ozone,0.041423,Ozone 8-hour 2015
South Carolina,32.941023,-79.657187,Ozone,0.042537,Ozone 8-hour 2015
South Carolina,34.615367,-80.198787,Ozone,0.046402,Ozone 8-hour 2015
South Carolina,34.285696,-79.74485899999999,Ozone,0.045831000000000004,Ozone 8-hour 2015
South Carolina,33.739963,-81.853635,Ozone,0.043474,Ozone 8-hour 2015
South Carolina,34.751847999999995,-82.256701,Ozone,0.04811,Ozone 8-hour 2015
South Carolina,33.8005,-78.9941,Ozone,0.045901,Ozone 8-hour 2015
South Carolina,34.805261,-83.2377,Ozone,0.045325,Ozone 8-hour 2015
South Carolina,34.653605999999996,-82.83865899999999,Ozone,0.048253,Ozone 8-hour 2015
South Carolina,34.851537,-82.744576,Ozone,0.045747,Ozone 8-hour 2015
South Carolina,34.093959000000005,-80.962304,Ozone,0.042298,Ozone 8-hour 2015
South Carolina,33.814679999999996,-80.78113499999999,Ozone,0.035089999999999996,Ozone 8-hour 2015
South Carolina,34.131262,-80.868318,Ozone,0.045731,Ozone 8-hour 2015
South Carolina,34.988706,-82.075802,Ozone,0.047996,Ozone 8-hour 2015
South Carolina,34.977,-81.207,Ozone,0.046995,Ozone 8-hour 2015
South Carolina,34.9127,-80.8745,Ozone,0.045346,Ozone 8-hour 2015
South Dakota,44.348603999999995,-96.807299,Ozone,0.047916,Ozone 8-hour 2015
South Dakota,43.55764,-103.48385999999999,Ozone,0.043979000000000004,Ozone 8-hour 2015
South Dakota,43.74561,-101.941218,Ozone,0.043136,Ozone 8-hour 2015
South Dakota,44.155636,-103.315765,Ozone,0.039687,Ozone 8-hour 2015
South Dakota,43.54792,-96.700769,Ozone,0.037986,Ozone 8-hour 2015
South Dakota,42.751518,-96.707208,Ozone,0.040705,Ozone 8-hour 2015
Tennessee,35.964969,-84.22317,Ozone,0.046909,Ozone 8-hour 2015
Tennessee,35.63348,-83.94160600000001,Ozone,0.042503,Ozone 8-hour 2015
Tennessee,35.603056,-83.783611,Ozone,0.039979,Ozone 8-hour 2015
Tennessee,36.46983,-83.826511,Ozone,0.042013,Ozone 8-hour 2015
Tennessee,36.205055,-86.74472,Ozone,0.043038,Ozone 8-hour 2015
Tennessee,36.150799,-86.623297,Ozone,0.043579,Ozone 8-hour 2015
Tennessee,36.0388,-85.7331,Ozone,0.042207,Ozone 8-hour 2015
Tennessee,35.233476,-85.18158100000001,Ozone,0.045758,Ozone 8-hour 2015
Tennessee,35.102638,-85.162194,Ozone,0.046611,Ozone 8-hour 2015
Tennessee,36.105629,-83.60207700000001,Ozone,0.045262000000000004,Ozone 8-hour 2015
Tennessee,36.085508000000004,-83.76480600000001,Ozone,0.043309,Ozone 8-hour 2015
Tennessee,36.019186,-83.87380999999999,Ozone,0.041231,Ozone 8-hour 2015
Tennessee,35.721095,-84.343035,Ozone,0.043985,Ozone 8-hour 2015
Tennessee,35.696758,-83.609612,Ozone,0.047591,Ozone 8-hour 2015
Tennessee,35.562872,-83.497941,Ozone,0.046067000000000004,Ozone 8-hour 2015
Tennessee,35.217501,-90.019707,Ozone,0.04414,Ozone 8-hour 2015
Tennessee,35.151699,-89.850249,Ozone,0.040101,Ozone 8-hour 2015
Tennessee,35.378153000000005,-89.83447,Ozone,0.043675,Ozone 8-hour 2015
Tennessee,36.541365,-82.424555,Ozone,0.045082,Ozone 8-hour 2015
Tennessee,36.58211,-82.485742,Ozone,0.044598,Ozone 8-hour 2015
Tennessee,36.29756,-86.653137,Ozone,0.045494,Ozone 8-hour 2015
Tennessee,35.949765,-87.138246,Ozone,0.043373,Ozone 8-hour 2015
Tennessee,36.060895,-86.286291,Ozone,0.040917,Ozone 8-hour 2015
Texas,31.122419,-97.43105200000001,Ozone,0.040411,Ozone 8-hour 2015
Texas,31.088002000000003,-97.679734,Ozone,0.043023,Ozone 8-hour 2015
Texas,29.51509,-98.620166,Ozone,0.040408,Ozone 8-hour 2015
Texas,29.632058,-98.564936,Ozone,0.042877,Ozone 8-hour 2015
Texas,29.275381,-98.31169200000001,Ozone,0.039654,Ozone 8-hour 2015
Texas,29.520443,-95.39250899999999,Ozone,0.036373,Ozone 8-hour 2015
Texas,29.043759,-95.472946,Ozone,0.034422,Ozone 8-hour 2015
Texas,29.30265,-103.17781,Ozone,0.043147000000000005,Ozone 8-hour 2015
Texas,26.200335,-97.712684,Ozone,0.033601,Ozone 8-hour 2015
Texas,33.1324,-96.786419,Ozone,0.045591,Ozone 8-hour 2015
Texas,31.891389,-104.809722,Ozone,0.046019,Ozone 8-hour 2015
Texas,31.891389,-104.809722,Ozone,0.046019,Ozone 8-hour 2015
Texas,32.820060999999995,-96.860117,Ozone,0.036759,Ozone 8-hour 2015
Texas,32.919206,-96.808498,Ozone,0.044018,Ozone 8-hour 2015
Texas,32.676451,-96.87206,Ozone,0.043864,Ozone 8-hour 2015
Texas,33.219069,-97.19628399999999,Ozone,0.044239,Ozone 8-hour 2015
Texas,33.410647999999995,-96.94459,Ozone,0.046588,Ozone 8-hour 2015
Texas,32.482083,-97.026899,Ozone,0.040397,Ozone 8-hour 2015
Texas,32.175416999999996,-96.870189,Ozone,0.041004,Ozone 8-hour 2015
Texas,31.785769000000002,-106.323578,Ozone,0.045025,Ozone 8-hour 2015
Texas,31.768286,-106.50124299999999,Ozone,0.045217,Ozone 8-hour 2015
Texas,31.765684999999998,-106.45522700000001,Ozone,0.044291000000000004,Ozone 8-hour 2015
Texas,31.746775,-106.40280600000001,Ozone,0.041277999999999995,Ozone 8-hour 2015
Texas,31.6675,-106.288,Ozone,0.044374000000000004,Ozone 8-hour 2015
Texas,31.893913,-106.425827,Ozone,0.047171,Ozone 8-hour 2015
Texas,29.254474,-94.861289,Ozone,0.038462,Ozone 8-hour 2015
Texas,32.378696000000005,-94.711813,Ozone,0.039668,Ozone 8-hour 2015
Texas,29.901035999999998,-95.326137,Ozone,0.039689,Ozone 8-hour 2015
Texas,29.802707,-95.125495,Ozone,0.034475,Ozone 8-hour 2015
Texas,30.039524,-95.673951,Ozone,0.037616000000000004,Ozone 8-hour 2015
Texas,29.828086,-95.28409599999999,Ozone,0.032236,Ozone 8-hour 2015
Texas,29.834166999999997,-95.48916700000001,Ozone,0.035584,Ozone 8-hour 2015
Texas,29.623889000000002,-95.47416700000001,Ozone,0.034863,Ozone 8-hour 2015
Texas,29.695728999999996,-95.499219,Ozone,0.038261,Ozone 8-hour 2015
Texas,29.625556,-95.267222,Ozone,0.032574,Ozone 8-hour 2015
Texas,29.723333,-95.63583299999999,Ozone,0.037216,Ozone 8-hour 2015
Texas,29.686389000000002,-95.294722,Ozone,0.035539999999999995,Ozone 8-hour 2015
Texas,29.758889,-95.079444,Ozone,0.033219,Ozone 8-hour 2015
Texas,29.823319,-94.983786,Ozone,0.037867000000000005,Ozone 8-hour 2015
Texas,29.767996999999998,-95.220582,Ozone,0.034167,Ozone 8-hour 2015
Texas,29.733726,-95.257593,Ozone,0.032744,Ozone 8-hour 2015
Texas,29.670025,-95.128508,Ozone,0.037218,Ozone 8-hour 2015
Texas,29.583046999999997,-95.01554399999999,Ozone,0.033839,Ozone 8-hour 2015
Texas,32.669001,-94.167468,Ozone,0.038549,Ozone 8-hour 2015
Texas,26.22621,-98.291069,Ozone,0.031202999999999998,Ozone 8-hour 2015
Texas,32.442304,-97.803529,Ozone,0.041436,Ozone 8-hour 2015
Texas,33.153088000000004,-96.115572,Ozone,0.039922000000000006,Ozone 8-hour 2015
Texas,30.036421999999998,-94.071061,Ozone,0.036123,Ozone 8-hour 2015
Texas,29.897515999999996,-93.991084,Ozone,0.035369,Ozone 8-hour 2015
Texas,29.863957,-94.317802,Ozone,0.036134,Ozone 8-hour 2015
Texas,29.727930999999998,-93.894081,Ozone,0.0366,Ozone 8-hour 2015
Texas,29.9425,-94.000556,Ozone,0.039369,Ozone 8-hour 2015
Texas,29.978926,-94.01087199999999,Ozone,0.034148000000000005,Ozone 8-hour 2015
Texas,32.353595,-97.43674200000001,Ozone,0.044827,Ozone 8-hour 2015
Texas,32.564968,-96.317687,Ozone,0.041045,Ozone 8-hour 2015
Texas,31.653086,-97.070704,Ozone,0.041661000000000004,Ozone 8-hour 2015
Texas,30.350302000000003,-95.425128,Ozone,0.039894,Ozone 8-hour 2015
Texas,32.031934,-96.399141,Ozone,0.041565,Ozone 8-hour 2015
Texas,27.765340000000002,-97.434262,Ozone,0.033828,Ozone 8-hour 2015
Texas,27.832413,-97.555387,Ozone,0.032283,Ozone 8-hour 2015
Texas,30.085263,-93.761341,Ozone,0.036329,Ozone 8-hour 2015
Texas,32.868773,-97.90593100000001,Ozone,0.043248,Ozone 8-hour 2015
Texas,30.7017,-94.6742,Ozone,0.034079000000000005,Ozone 8-hour 2015
Texas,34.8803,-101.6649,Ozone,0.04749,Ozone 8-hour 2015
Texas,32.936523,-96.459211,Ozone,0.039632,Ozone 8-hour 2015
Texas,32.344027000000004,-95.415754,Ozone,0.041197000000000004,Ozone 8-hour 2015
Texas,32.987891,-97.477175,Ozone,0.045518,Ozone 8-hour 2015
Texas,32.80581,-97.35652900000001,Ozone,0.040848,Ozone 8-hour 2015
Texas,32.922492,-97.282099,Ozone,0.042926,Ozone 8-hour 2015
Texas,32.98426,-97.063721,Ozone,0.042304,Ozone 8-hour 2015
Texas,32.65637,-97.088598,Ozone,0.042141000000000005,Ozone 8-hour 2015
Texas,30.354436,-97.760255,Ozone,0.040489,Ozone 8-hour 2015
Texas,30.483163,-97.875084,Ozone,0.039763,Ozone 8-hour 2015
Texas,28.836214000000002,-97.005525,Ozone,0.035337,Ozone 8-hour 2015
Texas,27.517456,-99.515222,Ozone,0.034411000000000004,Ozone 8-hour 2015
Utah,41.492707,-112.01886299999998,Ozone,0.043657,Ozone 8-hour 2015
Utah,41.945873999999996,-112.23397299999999,Ozone,0.042312,Ozone 8-hour 2015
Utah,41.842649,-111.852199,Ozone,0.044629,Ozone 8-hour 2015
Utah,39.60996,-110.800749,Ozone,0.04865,Ozone 8-hour 2015
Utah,40.902967,-111.88446699999999,Ozone,0.042395999999999996,Ozone 8-hour 2015
Utah,40.294178,-110.009732,Ozone,0.049837,Ozone 8-hour 2015
Utah,40.216778999999995,-110.18274199999999,Ozone,0.048626,Ozone 8-hour 2015
Utah,37.775544000000004,-111.615473,Ozone,0.045212999999999996,Ozone 8-hour 2015
Utah,37.74743,-113.055525,Ozone,0.043439,Ozone 8-hour 2015
Utah,40.712146000000004,-112.111275,Ozone,0.043210000000000005,Ozone 8-hour 2015
Utah,40.598056,-111.894167,Ozone,0.042762,Ozone 8-hour 2015
Utah,40.736389,-111.872222,Ozone,0.043975,Ozone 8-hour 2015
Utah,40.78422,-111.931,Ozone,0.044725,Ozone 8-hour 2015
Utah,40.496392,-112.036298,Ozone,0.047439,Ozone 8-hour 2015
Utah,40.777145000000004,-111.945849,Ozone,0.026032999999999997,Ozone 8-hour 2015
Utah,40.777145000000004,-111.945849,Ozone,0.026392000000000002,Ozone 8-hour 2015
Utah,40.662878000000006,-111.90118799999999,Ozone,0.038482,Ozone 8-hour 2015
Utah,38.45832,-109.82126000000001,Ozone,0.046978,Ozone 8-hour 2015
Utah,40.600532,-112.35341399999999,Ozone,0.044051,Ozone 8-hour 2015
Utah,40.4372,-109.3047,Ozone,0.047816000000000004,Ozone 8-hour 2015
Utah,40.46471,-109.561472,Ozone,0.046461,Ozone 8-hour 2015
Utah,40.206291,-109.353932,Ozone,0.048517000000000005,Ozone 8-hour 2015
Utah,40.056709999999995,-109.68810800000001,Ozone,0.050270999999999996,Ozone 8-hour 2015
Utah,39.63551,-109.43128,Ozone,0.041593,Ozone 8-hour 2015
Utah,40.483598,-109.906796,Ozone,0.047822,Ozone 8-hour 2015
Utah,40.341389,-111.71361100000001,Ozone,0.041169,Ozone 8-hour 2015
Utah,40.136336,-111.66050200000001,Ozone,0.046086,Ozone 8-hour 2015
Utah,37.179125,-113.30509599999999,Ozone,0.046218,Ozone 8-hour 2015
Utah,37.1983,-113.1506,Ozone,0.047042,Ozone 8-hour 2015
Utah,41.206321,-111.975524,Ozone,0.042463,Ozone 8-hour 2015
Utah,41.303614,-111.987871,Ozone,0.040563,Ozone 8-hour 2015
Vermont,42.88759,-73.24984,Ozone,0.037451,Ozone 8-hour 2015
Vermont,44.52839,-72.86884,Ozone,0.037517,Ozone 8-hour 2015
Vermont,43.608056,-72.982778,Ozone,0.036717,Ozone 8-hour 2015
Virginia,38.076570000000004,-78.50397,Ozone,0.041955,Ozone 8-hour 2015
Virginia,38.8577,-77.05922,Ozone,0.045346,Ozone 8-hour 2015
Virginia,38.20087,-77.37742,Ozone,0.041309,Ozone 8-hour 2015
Virginia,37.34438,-77.25925,Ozone,0.041685,Ozone 8-hour 2015
Virginia,37.357479999999995,-77.59355,Ozone,0.042443,Ozone 8-hour 2015
Virginia,38.77335,-77.10468,Ozone,0.045117000000000004,Ozone 8-hour 2015
Virginia,38.47367,-77.76772,Ozone,0.038926999999999996,Ozone 8-hour 2015
Virginia,39.28102,-78.08157,Ozone,0.040663,Ozone 8-hour 2015
Virginia,37.3297,-80.5578,Ozone,0.045663999999999996,Ozone 8-hour 2015
Virginia,37.60613,-77.2188,Ozone,0.04395,Ozone 8-hour 2015
Virginia,37.55652,-77.40026999999999,Ozone,0.039243,Ozone 8-hour 2015
Virginia,39.02473,-77.48925,Ozone,0.044154,Ozone 8-hour 2015
Virginia,38.5231,-78.43471,Ozone,0.04575,Ozone 8-hour 2015
Virginia,37.1655,-78.3069,Ozone,0.04005,Ozone 8-hour 2015
Virginia,38.85287,-77.63462,Ozone,0.043988,Ozone 8-hour 2015
Virginia,37.28342,-79.88452,Ozone,0.043401999999999996,Ozone 8-hour 2015
Virginia,37.62668,-79.51257,Ozone,0.040215,Ozone 8-hour 2015
Virginia,38.47753,-78.81952,Ozone,0.041551,Ozone 8-hour 2015
Virginia,38.48123,-77.3704,Ozone,0.042685,Ozone 8-hour 2015
Virginia,36.89117,-81.25423,Ozone,0.043241,Ozone 8-hour 2015
Virginia,37.103733,-76.387017,Ozone,0.044371,Ozone 8-hour 2015
Virginia,36.90118,-76.43808,Ozone,0.041426,Ozone 8-hour 2015
Virginia,36.66525,-76.73078000000001,Ozone,0.042964999999999996,Ozone 8-hour 2015
Washington,46.204582,-119.243743,Ozone,0.043616,Ozone 8-hour 2015
Washington,48.29786,-124.62491000000001,Ozone,0.033201,Ozone 8-hour 2015
Washington,45.616667,-122.516667,Ozone,0.032839,Ozone 8-hour 2015
Washington,47.5525,-122.064722,Ozone,0.031061000000000002,Ozone 8-hour 2015
Washington,47.49022,-121.77278000000001,Ozone,0.032351,Ozone 8-hour 2015
Washington,47.1411,-121.9379,Ozone,0.033270999999999995,Ozone 8-hour 2015
Washington,47.568236,-122.308628,Ozone,0.027395,Ozone 8-hour 2015
Washington,46.7841,-121.74036699999999,Ozone,0.036969999999999996,Ozone 8-hour 2015
Washington,48.520590000000006,-122.61428000000001,Ozone,0.025693,Ozone 8-hour 2015
Washington,47.41645,-117.52996999999999,Ozone,0.041616,Ozone 8-hour 2015
Washington,47.82728,-117.27422,Ozone,0.041602999999999994,Ozone 8-hour 2015
Washington,46.952562,-122.59527,Ozone,0.034145999999999996,Ozone 8-hour 2015
Washington,48.95074,-122.55441,Ozone,0.031869999999999996,Ozone 8-hour 2015
West Virginia,39.448105,-77.96384499999999,Ozone,0.040875999999999996,Ozone 8-hour 2015
West Virginia,38.410242,-82.432436,Ozone,0.041595,Ozone 8-hour 2015
West Virginia,38.8795,-80.8477,Ozone,0.038018,Ozone 8-hour 2015
West Virginia,37.908533,-80.632633,Ozone,0.044004,Ozone 8-hour 2015
West Virginia,40.460138,-80.576567,Ozone,0.0402,Ozone 8-hour 2015
West Virginia,40.427372,-80.592318,Ozone,0.044308,Ozone 8-hour 2015
West Virginia,38.346258,-81.621161,Ozone,0.040181,Ozone 8-hour 2015
West Virginia,39.649367,-79.920867,Ozone,0.043004,Ozone 8-hour 2015
West Virginia,40.114876,-80.700972,Ozone,0.043317,Ozone 8-hour 2015
West Virginia,39.0905,-79.6617,Ozone,0.041863,Ozone 8-hour 2015
West Virginia,39.323533000000005,-81.552367,Ozone,0.041868999999999996,Ozone 8-hour 2015
Wisconsin,46.602247999999996,-90.656141,Ozone,0.035296,Ozone 8-hour 2015
Wisconsin,44.53098,-87.90799,Ozone,0.037651,Ozone 8-hour 2015
Wisconsin,43.3156,-89.1089,Ozone,0.039058999999999996,Ozone 8-hour 2015
Wisconsin,43.100838,-89.357298,Ozone,0.039313,Ozone 8-hour 2015
Wisconsin,43.466111,-88.621111,Ozone,0.03797,Ozone 8-hour 2015
Wisconsin,45.2384,-86.994,Ozone,0.037363,Ozone 8-hour 2015
Wisconsin,44.7614,-91.14299999999999,Ozone,0.036331999999999996,Ozone 8-hour 2015
Wisconsin,43.687402,-88.422045,Ozone,0.03868,Ozone 8-hour 2015
Wisconsin,45.565,-88.8086,Ozone,0.036006,Ozone 8-hour 2015
Wisconsin,43.0034,-88.8283,Ozone,0.040566000000000005,Ozone 8-hour 2015
Wisconsin,42.504721999999994,-87.8093,Ozone,0.042722,Ozone 8-hour 2015
Wisconsin,42.5958,-87.8858,Ozone,0.041359,Ozone 8-hour 2015
Wisconsin,44.44312,-87.50524,Ozone,0.037904,Ozone 8-hour 2015
Wisconsin,43.7775,-91.2269,Ozone,0.038593,Ozone 8-hour 2015
Wisconsin,44.138619,-87.6161,Ozone,0.03846,Ozone 8-hour 2015
Wisconsin,44.70735,-89.77183000000001,Ozone,0.037218,Ozone 8-hour 2015
Wisconsin,43.016667,-87.93333299999999,Ozone,0.037863,Ozone 8-hour 2015
Wisconsin,43.060975,-87.913504,Ozone,0.034555,Ozone 8-hour 2015
Wisconsin,43.1818,-87.90100000000001,Ozone,0.040448000000000005,Ozone 8-hour 2015
Wisconsin,44.30738,-88.395178,Ozone,0.037843,Ozone 8-hour 2015
Wisconsin,43.343,-87.92,Ozone,0.041005,Ozone 8-hour 2015
Wisconsin,43.4981,-87.81,Ozone,0.039111,Ozone 8-hour 2015
Wisconsin,42.773677,-87.796306,Ozone,0.042571,Ozone 8-hour 2015
Wisconsin,42.51831,-89.06347,Ozone,0.041070999999999996,Ozone 8-hour 2015
Wisconsin,43.4351,-89.6797,Ozone,0.038563,Ozone 8-hour 2015
Wisconsin,43.667418,-87.716213,Ozone,0.041352,Ozone 8-hour 2015
Wisconsin,43.815596,-87.79223499999999,Ozone,0.036152,Ozone 8-hour 2015
Wisconsin,45.2066,-90.5969,Ozone,0.036223000000000005,Ozone 8-hour 2015
Wisconsin,46.0519,-89.654,Ozone,0.035358,Ozone 8-hour 2015
Wisconsin,42.662178000000004,-88.48710600000001,Ozone,0.040757999999999996,Ozone 8-hour 2015
Wisconsin,43.020075,-88.21507,Ozone,0.038798,Ozone 8-hour 2015
Wyoming,41.3642,-106.2399,Ozone,0.051707,Ozone 8-hour 2015
Wyoming,44.28,-108.04111100000001,Ozone,0.041288,Ozone 8-hour 2015
Wyoming,44.6522,-105.2903,Ozone,0.040824,Ozone 8-hour 2015
Wyoming,41.386944,-107.61666699999999,Ozone,0.048829000000000004,Ozone 8-hour 2015
Wyoming,43.101281,-105.498931,Ozone,0.045432,Ozone 8-hour 2015
Wyoming,42.529999,-108.720003,Ozone,0.049063,Ozone 8-hour 2015
Wyoming,42.529999,-108.720003,Ozone,0.048922,Ozone 8-hour 2015
Wyoming,42.529999,-108.720003,Ozone,0.049063,Ozone 8-hour 2015
Wyoming,43.081666999999996,-107.549444,Ozone,0.045973,Ozone 8-hour 2015
Wyoming,43.874829999999996,-106.50974,Ozone,0.044723,Ozone 8-hour 2015
Wyoming,41.085359999999994,-104.52277,Ozone,0.046495999999999996,Ozone 8-hour 2015
Wyoming,41.182227000000005,-104.778334,Ozone,0.042939,Ozone 8-hour 2015
Wyoming,42.822309999999995,-106.36501000000001,Ozone,0.046125,Ozone 8-hour 2015
Wyoming,42.8608,-106.23586,Ozone,0.045073,Ozone 8-hour 2015
Wyoming,44.52612,-109.01673000000001,Ozone,0.041211000000000005,Ozone 8-hour 2015
Wyoming,44.933611,-106.847222,Ozone,0.044528,Ozone 8-hour 2015
Wyoming,42.718999999999994,-109.75299999999999,Ozone,0.052138,Ozone 8-hour 2015
Wyoming,42.7907,-110.0551,Ozone,0.048692,Ozone 8-hour 2015
Wyoming,42.869824,-109.87076,Ozone,0.048397,Ozone 8-hour 2015
Wyoming,42.486360999999995,-110.09886100000001,Ozone,0.047181,Ozone 8-hour 2015
Wyoming,42.486360999999995,-110.09886100000001,Ozone,0.047181,Ozone 8-hour 2015
Wyoming,42.486360999999995,-110.09886100000001,Ozone,0.047023,Ozone 8-hour 2015
Wyoming,42.373499,-109.560498,Ozone,0.050268,Ozone 8-hour 2015
Wyoming,42.373499,-109.560498,Ozone,0.050405,Ozone 8-hour 2015
Wyoming,42.373499,-109.560498,Ozone,0.050405,Ozone 8-hour 2015
Wyoming,42.9288,-109.788,Ozone,0.050062,Ozone 8-hour 2015
Wyoming,41.158,-108.619,Ozone,0.048415,Ozone 8-hour 2015
Wyoming,41.677667,-108.02483500000001,Ozone,0.048461000000000004,Ozone 8-hour 2015
Wyoming,41.750556,-109.78833300000001,Ozone,0.049976,Ozone 8-hour 2015
Wyoming,41.750556,-109.78833300000001,Ozone,0.050117,Ozone 8-hour 2015
Wyoming,41.750556,-109.78833300000001,Ozone,0.050117,Ozone 8-hour 2015
Wyoming,43.670833,-110.59947199999999,Ozone,0.045811000000000004,Ozone 8-hour 2015
Wyoming,43.48256,-110.74526000000002,Ozone,0.045714,Ozone 8-hour 2015
Wyoming,44.56536,-110.40033999999999,Ozone,0.04572,Ozone 8-hour 2015
Wyoming,41.373096999999994,-111.042376,Ozone,0.049216,Ozone 8-hour 2015
Wyoming,43.873056,-104.19194399999999,Ozone,0.045297000000000004,Ozone 8-hour 2015
Puerto Rico,18.420089,-66.150615,Ozone,0.013116999999999998,Ozone 8-hour 2015
Puerto Rico,18.440773999999998,-66.126531,Ozone,0.009864,Ozone 8-hour 2015
Puerto Rico,18.216038,-67.14410699999999,Ozone,0.005862,Ozone 8-hour 2015
Country Of Mexico,32.466389,-114.768611,Ozone,0.045291000000000005,Ozone 8-hour 2015
